"Y","X1","X2","X3","X4","X5"
0.868115447553237,-0.206688371715883,0.032742591090465,0.429580827267393,0.537701187856922,1.21475439308359
0.672564688701737,-0.574343001245491,-0.384451642598909,0.731155547780893,0.294122328237679,0.688135896810986
0.00132856538099507,-1.32793520793057,-0.666536401825894,-0.866066875830072,-1.98314214792266,-0.374030571447619
0.627252887031319,-0.887830074240126,0.443895478869804,0.0998296286627087,0.60031683647745,-0.817881824516039
0.999996532289158,-0.99102435814818,-1.67605454946618,-1.08238154347938,2.55848828933769,0.878170130193547
0.0614826267016619,0.114141780279331,-1.38931109631179,-0.781130813292221,-2.66798105106515,-0.885262872466357
0.436160323006293,0.654904742483859,-0.46063577273608,-1.25479914527293,-0.725876036312906,0.64637196238096
0.358229463125547,2.39223032014663,1.99968606909896,0.60493583434779,-0.421533653313778,-0.24113550598846
0.842703802660474,0.475577333240867,0.66503215841712,0.728977615772377,1.43209124343628,-1.40255261076837
0.682564046262417,0.285254357386755,-0.142679994100745,0.625734329217027,-0.0995070434467406,0.988234377233327
0.0421087907003416,2.06590200047289,-0.717737905419277,-1.12786080737039,-2.48664903565447,-1.60749127382577
0.0614457063858475,1.48577865206579,0.622826284330856,0.419071611391563,-1.94247897368657,-1.96917049625841
0.999861672077267,-2.16454395411315,0.488107013631252,-0.47648061056288,0.536681956164852,0.0263766328328489
0.715906338357529,0.261093516622276,-0.015160634296958,-0.416575834540898,0.619632944814828,-0.95666411645766
0.769545141403012,0.179327958002522,0.410823567464426,0.41540474058528,0.296788321540033,0.617637416397703
0.206239373142325,-0.456090140645799,-2.17790768893758,-0.898841807721263,-0.855958536298809,-1.7363195507802
0.38889319145109,0.025746446612573,0.00386977150260366,-1.16883469307542,-0.527295063366682,0.200935519306025
0.989802715983114,0.862508003680123,0.531547007534255,0.987108353420205,2.69638646153125,1.65274660632249
0.35055784357345,0.0792206396120073,-0.514730504908162,-0.851070795528772,-0.789481951637655,-0.126239214805992
0.40864597118163,0.927399163015122,1.46506180354917,0.13979597450602,0.0803207836909137,-1.24713933383298
0.838442657102953,1.18921042487944,-0.272450159228061,1.59556388220589,0.331046712081092,0.85163181898967
0.885208921082286,-0.709550234956126,0.722859829708883,0.00573344781797777,1.07144247232883,-0.661313238030752
0.809369355546719,1.87667658881458,0.226174087250059,1.40551019636856,1.09608687490147,-1.4522239632283
0.720923646206936,0.674222315132953,1.46998352909065,-0.336659733152104,1.01076693033101,-0.469701923757398
0.826223516031212,-1.47418955280443,0.807919828366723,0.627001775696048,0.500513880466194,1.63770115865871
0.785811835829321,1.40033664198844,1.1415050178862,1.61264417659829,0.19124860414794,1.51408772109731
0.05821764737076,0.101157774033303,0.480961388555178,-0.159363603076663,-2.27755867793666,-1.0221907928328
0.175542961967006,-0.352885466706093,1.87547199203565,-0.459017558834452,-0.855066539878254,-0.93429623824808
0.908918388550742,0.314973314566754,1.20234141245182,1.07221681536037,1.78071640655504,-0.9793379063614
0.184293281778343,0.192600765174423,-0.741533955334706,-1.63883382945632,-1.31903042445934,-0.471134731953242
0.792077358008989,-1.27616323710032,-0.0723663583225459,-0.912735066066701,-0.0156759166222777,0.997278248052999
0.403434928733959,-0.0309124455353854,0.82341938520688,0.442775409665921,-0.593887709222173,0.353219400152721
0.911556115331934,-1.68148172595871,-0.56595082295135,-0.608942599616725,0.0734759497056088,-0.399352842764595
0.667997777826402,-1.91434427824552,0.231891217500725,-0.622648856980609,-0.111912989336708,-0.84812555433899
0.293907166487033,0.479090377319717,-0.232477635849208,-1.448261471205,-0.828585891793155,-0.55241087859868
0.929222475145182,-1.13440017626384,-0.859814308361403,-0.962045407567766,0.633679060256963,-0.00196961567706499
0.248152503437204,-0.625994633018906,0.049891310440325,0.289817140800828,-1.43652065802377,-0.207524697810277
0.551516700474855,-0.251434468319711,0.454398381539219,0.50529882830136,0.131369320781914,-0.925481046701001
0.840760643866185,0.431322949682627,-0.317426155649073,0.482404958875023,0.846131643285955,-0.557794485703199
0.245493505124272,1.60842022502513,0.738499646745109,0.552037308292889,-1.10921015005006,-0.451480450667289
0.841621248359059,0.11406233393197,-0.544232025681467,1.43457246757936,0.221164666143248,1.19505506263055
0.630879563624278,0.538111824780057,0.175281660176743,0.271674555961463,0.241931827257776,-0.641905243977996
0.847658824122663,1.35921698109414,0.703562700658843,0.271296576109172,0.569270995222751,1.73692256262142
0.105445748578703,-0.679079171844999,-2.5592383220281,-1.46292799155855,-1.66157342519189,-0.756191078649778
0.388708963789591,-0.267809176892678,-1.00686000604069,-0.950691736315907,-0.588001216349927,-1.33564921441478
0.703453921316314,-0.611676506586066,1.33810786879999,0.586694326186812,1.02975791580431,1.44124956828926
0.895207712710857,-0.533605552835211,-0.437683380718773,0.913868881656592,0.304817773821082,1.16292284549406
0.853566135305754,-0.171425317599278,0.479130893284326,-0.285577447029112,1.20054793307409,0.332004026874549
0.120724113000735,0.673378610397245,0.413734830827819,-1.1923514374238,-1.39989293314854,-1.03812267749112
0.353925744632014,-0.693975666489082,1.25021989538366,-0.114758008853699,-0.776114492596544,0.652217199468196
0.498538675293385,-0.316086319219121,0.471339010609503,-0.386034871051359,-0.413055011198124,-0.245917981214842
0.831628255035405,-0.109109591714573,0.426228179350096,-1.44641258810821,1.36452789574409,-0.0968567969216719
0.640604277546066,0.113624726808458,0.253772793949235,0.0700915157686856,0.34571400096723,-0.821862820324332
0.002735717953069,-2.10784314737888,-1.36731692027848,0.541591749102997,-1.1388352528059,-0.867247228758649
0.4900401076755,0.866039310618877,0.726077178765576,-0.200100356347194,-0.0534872994595971,-0.604094740904219
0.216645389921656,-0.811172223648909,-0.621845572417027,-1.27834580078193,-1.03543981185978,-1.4862717015634
0.956813485374681,0.608037236374446,0.700025210673778,0.839303677758183,1.88615286814801,1.23827542437416
0.775152875778111,0.276038513989523,-1.07945227730602,-0.967157062979783,0.721604122814139,-0.932852890952069
0.272778699703374,-0.273902612355424,0.78810048936156,0.277793559108315,-0.851090214221237,-0.510583137407778
0.403319861483484,0.0676791430303542,0.0833897188694762,0.219137616646843,-0.69722356671478,-0.471696422572112
0.229316120526441,0.677672105857928,-0.164148264965003,0.65365894268687,-1.14866194070365,-1.50697056255692
0.59380664249362,-1.05091213896249,1.61048331015023,-0.204663233192356,0.247926049449244,1.10288175399418
0.512685251620335,0.669573102655374,0.437346348258375,0.930735099189594,0.0365166861171661,-1.24678512394514
0.612891419702252,0.920879844077756,1.44013537749166,0.868231945384335,0.290491945836855,-0.222714607221823
0.936677088021101,1.49105123538391,-0.353161889051532,0.596607293908074,1.49233867444458,0.508689437724798
0.925426009957339,-2.0779058109546,0.980166285541474,-0.219256649581572,-0.524114679044305,0.724132079104884
0.840220695833465,-0.29298537667544,-1.41783458481013,-0.565075573709413,0.519123666034514,0.401402632039546
0.683742510675871,0.38887394421707,0.0572625738327075,-0.604564844584421,0.639534705158318,-0.717438608545787
0.327683338384481,0.229495563539375,-0.96178114436055,-1.47171539121459,-1.22145378204683,0.791288756328753
0.0447337135670225,-0.124109534394194,-0.388517335671538,-2.45498784882114,-1.94920103406334,-1.93870174740774
0.587302000482218,0.231944304153678,0.794071429588044,0.737410736441201,0.053672201481149,-0.332585787272227
0.986315098341832,1.30015279141515,1.74443185621933,0.584939587952116,2.89250530067612,1.32341056719209
0.297076045740655,-1.39868238915026,-0.803684484019427,-0.694207812400278,-0.945676098025176,0.585992543971761
0.832371501107992,0.680849669495817,-0.309707629398865,0.652934355900576,0.371336945425805,1.21510106977075
0.726762677068064,0.889487079083677,0.203229893805361,0.828636919049648,0.264585146925881,0.131638577121496
0.424164998763958,0.0577328125391323,-1.52232578263931,-1.2244944760677,-1.06807486309571,0.735958912628302
0.605448337206975,-0.171688205930823,1.00384657490375,0.0969929313611832,0.564300800147233,-0.800878010188346
0.785605577198543,0.689570191674744,1.29510080713215,0.0693978842671743,0.298624795674957,2.14697073285314
0.574444069824209,0.0366725791348325,-0.220168381723123,-0.435024028378239,-0.105104124949888,0.23019334130843
0.729150070456712,0.0414925337145499,-0.479444676383375,0.0830496709380685,-0.00113230714853598,1.03878769876377
0.318003052742903,1.97117833925573,0.452641899728238,-1.10582233729061,-0.602734862346163,-0.451862430912296
0.477009051453342,0.351976623710804,-0.140872751778856,-0.983320855902923,-0.475540924005221,0.175986489495454
0.601888771729043,0.682167690627454,-0.256414071814619,1.03241547945176,-0.343259484841119,0.147923566658569
0.763781958697191,-0.875278165895968,-1.88664669236295,-0.0683508180502484,0.0278960240936431,0.785487851247166
0.528595626128756,0.061899604234505,1.26848996058476,-0.656917719906468,0.306259300068988,-0.289562084376054
0.718133128490583,0.00411645155507876,-0.740024687571901,-1.52590663950695,0.0215605316874507,1.6547383026737
0.409520306993376,-1.56161104211918,-0.271168320814619,-1.52664125530163,-0.753359566752199,0.593678320566912
0.215843724446555,1.0119587520839,-0.981709813711771,0.667410917046743,-1.73128403566295,-0.303200251232551
0.399212013317275,-0.707875099995798,1.01948150547097,0.0486046813138032,-0.181886473548892,0.973130538092905
0.604025689372675,-1.3190319895981,-1.95889194821457,-0.603202445401414,-0.711682678888231,0.972281113179674
0.0589529335302922,-0.339257342090527,0.557798580047255,-0.155048149950228,-1.66737940510018,-2.08728993003805
0.999881553814943,-1.92591485017054,-1.38864454783731,0.0171411415326351,0.48023977443112,0.978047449894647
0.224785511113615,-0.220022045712758,0.787637788649599,-0.153543811442019,-1.43297256104617,0.307385700708223
0.462161629416797,0.8167232580797,1.26645775602136,0.227412717087939,-0.22785878548228,0.0546668362850319
0.207555470010853,-1.33305656726493,-1.1565414183214,-0.597835077194992,-1.37367092667116,-0.0758223092189761
0.677564971999322,1.1068071681213,0.297241499840383,0.234425904777094,0.0355863194668072,0.526429292802699
1.94458568344028e-06,-1.40677085166121,-0.485668256271576,-2.72859321738576,-1.56880984432897,-1.10005045648386
0.0340714007031406,-0.688870314118047,-0.1433759610666,-1.39312282280512,-1.56975702784375,-1.45254589661155
0.78268299857115,0.709854704319464,-0.0580435029385417,-0.0072269511006335,0.768426042007456,-0.712784921603598
0.935880623588327,1.02519423147132,0.0620740688675926,0.375462484749964,1.6239798222223,0.424570342202677
0.656287306844478,1.68728156129361,0.136441083703064,0.578107305472423,0.0402084016772408,0.0779949606941755
0.210267326092036,-0.0830176928753994,0.272864762802126,0.790014907100279,-1.43344712451442,-0.551103087008093
0.928917407522603,-0.228900403109427,-0.572272823934792,0.00989146585500732,1.52276946909173,0.0177383032644558
0.705598193918531,-1.04658837540748,0.00241796544432357,0.829283052575852,0.173052644357086,1.21133863154087
0.856458257390738,0.345246984666127,1.10020033032162,0.440184384301234,1.16924545736871,0.0143552857778773
0.721605382219261,0.287315829461369,-0.0799056004122279,-0.809760098188578,0.270713438999022,0.740885761629341
0.902734818387273,-0.124110068645074,0.161222898961296,0.769399509047497,0.709143667301417,1.19694699278679
0.888256535610141,1.05004151128468,1.41104324801881,1.03567237656281,1.08093970420424,1.10661364908176
0.896715773421638,-0.702325128699593,-0.16227078171756,0.220496146092377,1.14965703631931,0.75239179844634
0.537201117227633,-0.577017072234063,-0.415866197509368,-1.17011332660496,-0.0187653604150163,-1.00421517400136
0.887474184976051,0.0977847131387245,0.0825029837335231,0.247739849411826,0.878759752294147,0.686308257109498
0.0635716912617383,-0.326246296488505,0.782890769780606,-0.547842173018963,-1.59888298809114,-0.341855774259134
0.418376372052021,2.7052957348377,2.22908269621108,0.824639074127905,-0.316019518108572,0.14266909397384
0.967055455125222,-0.631940936546911,-0.235975352761463,-0.150348914840902,0.902569366955592,0.257914564081185
0.378493064772685,0.42686295087266,-0.512984001754382,0.201461804870109,-0.456408823625393,-1.63866618242919
0.381701707582178,0.146056829893431,0.741288876492628,-1.08709941241288,-0.422320431689253,-0.31952991354252
0.621946935678416,-0.421621186144681,0.409204423331006,-0.328744003508924,-0.171272203690533,0.168166171536279
0.749968866369423,-0.445773097050533,0.655937801502557,1.14185567072156,0.128922610213967,0.550980073429476
0.431055566822429,1.17982507102739,1.89150847409446,0.0865376879689438,-0.132950271446193,-0.161004065871307
0.99947272765826,-0.845090681130928,0.146815812656217,0.766625016303052,1.82586421478811,1.54421347462203
0.705247605097111,-0.734888609841081,-0.0766407144568342,0.067464145432617,-0.0270656148368331,0.355716798210519
0.918949000940762,0.0851122895218876,-0.111209137878988,0.4472600064264,1.21769635596429,1.77775775207633
0.475013016137265,1.32387652856461,0.408464327338048,0.894741784049218,-0.20691655029374,-0.904359972264389
0.634517927774986,-0.840608389067169,0.749272170475671,0.807419696207584,0.070018220156182,-0.196016976441412
0.102323635066713,-1.82329277666267,-1.2742013121878,-1.6707945165489,-0.099674074662039,-1.57134000733513
0.28899777422803,2.23548724163675,1.68155816226873,0.314143979209122,-0.0232267249805835,-2.31798163685751
0.587384167931797,-0.295825230984751,0.180449276814614,-0.60516005167378,-0.134212110558601,0.122306601233391
0.7577969544779,-0.411361250666607,0.113981591050184,-0.592608681142091,0.336184635587371,0.357499736605007
0.733767772779632,0.597134255555005,0.87072040024399,1.03484935763404,0.389145510535296,0.274925943269182
0.599346620935338,-0.729258054213945,-1.37848118180581,1.60019579181119,-0.19228738279521,0.921185474523312
0.0357780090226983,-0.776644662826768,-0.612329488125471,-0.783914351375387,-1.95305006512248,-0.725042985449067
0.567717606425968,-0.101407021086865,-0.445059057258268,-0.667492292116082,-0.210884117017008,0.0101312906177226
0.301178455961985,-0.0272608700140705,0.605590761057,0.0942362548043706,-0.965618181224447,0.201578507170973
0.813717844043147,-0.634292722810276,-0.513452378258732,1.79545160680879,0.369247846110264,0.152631691043766
0.916641361289259,0.66874110497233,1.81984929826267,0.644481158970284,1.02780370912668,3.1995885921099
0.533554371760168,-1.3259739594357,-0.939743133253746,-0.41488851938199,-1.11726417249416,0.000309237645055992
0.91600589245964,0.347535954995956,0.688680937956805,1.52734536213049,1.04176085297474,1.32255996559377
0.144188799820009,0.348070101181836,0.405708571664674,-1.13242196907234,-1.44965117158341,-0.524583934105026
0.0555882036115402,-0.528830243880337,-0.455941161832615,-1.31190687070842,-2.14519171950287,-2.14620168115109
0.809484331437711,1.17968366688122,1.11010421024579,0.583532689477052,0.238717819345269,2.14617219513463
0.00348547539082448,-1.50029385384669,-0.102155118042789,0.221378145111484,-0.59678177258323,-0.668561772649815
0.703515559129588,0.267970234475414,0.308852778130591,-0.650858302176737,0.0267770074522058,1.25738588475653
0.876758736185877,1.58710949374512,1.35201521002641,-0.136175637937878,0.929653447636221,2.0127463127569
0.762290937066667,0.650234932528849,1.67284925762766,1.18802738231375,0.328916340903516,1.3373101940276
0.76162381922689,0.523523309963533,1.87115963409078,1.51957324979307,0.658945486477927,0.691921308688632
0.925940557077979,0.843650310442447,-0.685549275027023,-0.385997478256881,1.35157811493741,0.941363363000876
0.941353200242936,0.59990845261504,0.594122487868353,0.997172915620875,1.24877927832789,1.63583675422647
0.285248736934696,0.145866608953421,0.208667302314696,-0.847283893319518,-0.571627650570871,-1.36939425661789
0.419484611383729,-1.63248339894286,-1.28300682720594,-2.30153955696816,-1.35163810751518,-0.33069337576041
0.809349358152098,1.43848097154348,0.425544393219972,1.38487578857641,0.424132579799407,0.753597288367937
0.521875988934046,-0.755402530783581,-0.38843987701925,-0.751040545075803,-0.0650806561915862,-0.818381749507295
0.550475755907662,-1.55639654731773,-1.03995063133552,0.47165762960244,-0.0200782187633083,-0.767329644175716
0.515118910223605,-0.282063943992173,0.449171340791375,-0.427423699989216,-0.114361198434354,-0.913314005338344
0.832026505360918,0.194906282695544,0.810179367599839,1.47423978448832,1.10934157453491,-0.558488801812852
0.311257170246245,0.793423744655103,0.65127690126925,0.354870782237807,-0.593791237123148,-0.930607168877343
0.640815376458441,-0.25026368790833,0.889843817554313,-0.0696482491099649,0.297935858245169,-0.00890814432956561
0.523354045817766,0.451963366125175,-0.915431195993802,-1.34465949908963,-0.77903399161756,1.22697144223312
0.572851509185984,0.720328315687225,0.42946080574437,-0.209382949533927,-0.230572104021882,0.790835196585816
0.0212733074132184,-1.64599195096693,-0.754719883450695,-0.731887030670513,-0.449842277662679,0.318068247457751
0.944484019675705,-0.145766862949319,-0.50809033234792,0.678212374751707,0.893489190490342,0.271926493679787
0.302298145041921,-0.0971928508284231,-0.667072824447268,-1.04290456291854,-0.969324975155478,-0.694589527577851
0.865097721272432,0.111746182174844,0.867708597330687,0.758709288655082,1.31400200888917,0.347210857907884
0.887864129733675,0.847225739120562,1.28179076406093,-0.148794932640744,1.30087564262205,1.15151033804339
1.43783276023667e-200,-2.33860702148496,-2.00083440517008,-2.36671089248645,-2.70168565232973,-1.51337499732267
0.765456999486543,-0.459927389679881,0.392420656510218,0.111542889794053,0.935870534519866,0.349708932717735
0.999997042755043,-1.78898383732797,-0.618407139437568,0.0256617331969559,0.182120575992597,1.24452094064192
0.248803354087488,-0.979303097020615,0.701115700119514,-0.926526457955188,-0.321028380698904,-0.783489339808402
0.541017349537116,0.595747639411115,1.19565188832924,-0.328036086605083,0.109212510542365,0.117014436748978
0.774267373010494,-1.07216529410294,-1.13586708958195,-0.00649794770723492,0.191000874173162,0.258746624841544
0.157863357915996,0.527031708018649,0.442993027156475,0.125544538857741,-1.56293058642244,-0.817153877806598
0.573121710955227,0.33801577263091,0.348481618022057,0.205095631447279,-0.129693081719169,-0.0412366772760326
0.174426299778263,0.244369856232156,1.86066739818834,-1.10505393522641,-1.32119901262498,0.29619527174137
0.857349608941518,-0.70301987042788,0.00937097128909142,-0.243499491248765,0.234281762167105,0.927158503266521
0.139751537294418,-0.207935229341818,-2.11686466184803,-2.07786388542365,-2.05587866197439,-0.314094225976628
0.604476694523518,0.321310722657852,1.00560699590687,0.318429817552667,-0.427811529180572,1.53855530587159
0.547539020060316,0.888841945844686,1.43606247550345,1.09638890702518,-0.325121682724795,0.625553818701632
0.725220699376077,-0.261222737455059,-0.481958946728012,0.421567772542302,-0.289835045640982,0.548865593930239
0.593448936840074,0.039245914509819,-0.607089098107776,-0.0617753722288322,-0.11526520485199,-0.308501890028309
0.944350215798148,-0.876829794182709,-2.09390680167992,0.560077608885436,0.663595232753637,0.223203458329321
0.958443384346104,0.629492441652134,-0.871519165519089,-0.290834554179033,1.97413702286411,0.173325403399008
0.882109677277378,0.908193181233684,0.264099453101313,1.20877260786811,1.13882589130604,-0.0739031864009293
0.541099098683258,-0.884678476134788,-1.32740774492037,-1.38962192970464,-0.43588451977285,-0.0688339744633345
0.845510049667354,1.12310298483054,-0.647501012592853,-0.17716415684748,0.754218510198473,0.325283956268775
0.831963329423267,0.132510291945689,-0.00690482477024243,1.79738164058415,0.512845538592739,0.306894401664595
0.500976448572437,0.523967027889835,0.364290113361052,0.362869938817054,-0.327988761515556,-0.137378762078682
0.400885617781042,1.17224323288794,0.948591654594884,-1.02597631871416,-0.464136016613685,0.328518982556404
0.29833724491411,-1.67001071038197,-0.344951917410273,-0.99207814392131,-1.0281224289219,0.373911033451571
0.465641897191107,-1.37538911078122,0.756814420800545,0.377765453301509,0.113421085458899,-0.499460537670465
0.307714577654886,1.29470408003965,-0.573026370707074,-1.40024500699131,-0.675779771259033,-0.986543700635595
1,-1.46325471535858,-0.238791491110638,0.684180260642697,1.33122543398832,1.29988118622561
0.573087373487797,-0.379084482761292,-0.353620141522609,0.295668074599502,-0.469205068061332,0.18585509442718
0.203070791092384,1.0817907358982,1.76768517106248,-0.211082695412856,-0.850337995586066,-0.726142834216542
0.162640063948731,1.56803798010006,0.644336351969475,-0.209325952454969,-1.25795296016904,-1.01169882421322
0.82617073002795,0.938061779892438,0.187330692027668,1.0208793438815,0.608438318515961,0.246216030751434
0.921336568816216,0.0410129009009612,0.775662024743926,1.05842491018049,1.44003889879334,1.05112328988752
0.0691953556331576,-1.08811665553759,-1.97383547902338,-0.421879837368487,-1.70534186203787,-1.7347325088866
0.736756011861565,-0.33216192436853,-1.10122921593737,-0.64922287923088,0.0621189879824714,0.11271336995002
0.619158709798688,1.72477491097526,1.85713931111385,0.122140882939984,0.318106569680445,0.317534650253709
0.802393341791486,-0.384646005025291,0.280905940376356,0.773259849262687,0.60087488928446,0.741435635449989
0.846323134013846,0.607151625846682,1.2692183486469,0.775887123958972,1.25854852164022,-0.0999442818372903
0.00451432443298272,-1.62993275267759,-1.44185463355954,-0.322396960263559,-1.7229560910447,-2.78286831687274
0.470371800323375,-1.29541477845564,-0.976796252120658,-1.51192694802358,-0.404982009976439,-0.150512743252107
0.344991693956217,0.617578003948691,0.56941085494291,0.675065400360222,-1.01033027830011,0.0723625218191772
0.922126032986419,-0.767143749814622,-0.753141053672907,-1.07736232846081,1.37414070211354,-0.74303204867495
0.429376431002514,-0.841778714627542,1.81599872385084,0.834584830787213,0.031478600947581,-0.907858575926485
0.537183060241029,1.20823384613455,0.838978020306062,-0.26639275992439,-0.0161854858648465,-0.0423212192082166
0.868847465547106,-0.598980883944713,0.483486959504944,0.812754029706459,1.25482522812943,0.542688617447021
0.652933839058986,2.23059613974746,-0.284257112227714,0.24887375604418,-0.0422895903211582,0.111380823322094
0.532191421552658,-1.22339211402618,-1.16600172730152,-1.60806392015104,-1.31569085164099,-0.0691946534785907
0.679571107988504,0.356703214031503,-0.22416704952674,0.332294349836431,0.112648279698817,-0.479784118132348
0.568308437867811,0.320712919032306,-0.398010976205694,0.148723793221754,-0.281485592678665,-0.16741964842507
0.578685481461237,-0.360880743000043,-0.561577733187604,0.0464921722550976,0.121236263448241,-0.111051210879507
0.25143988095063,-0.0763606043026882,-1.22208911527655,-0.932462016024675,-1.35574172126435,-0.392826694724898
0.9720275707582,0.0976737817821433,-1.36354160099722,1.10822311496318,1.82363389061388,-0.102945382433173
0.880674651247015,0.895627958596842,-0.038063634112438,1.17257904598154,0.985505897835992,0.287183956336258
0.180296279946159,-0.613572621622894,-0.411790468006006,-2.19378993438831,-1.01789502931571,-1.39473699141405
0.993447437772787,-0.688612337140565,-1.11167846432898,0.0738990992856232,2.37007790300943,0.833179832186447
0.906934830537905,-0.409341737811849,0.480540138031762,-0.843356598746937,1.80688948341922,1.63281132364225
0.956356957682661,0.275989053815121,0.206686424691084,0.785886465140324,1.61977451652368,1.36459268379668
0.964980614330055,0.284733280718971,-0.916907527023407,2.12468855114279,1.79974235123535,0.931002927749516
0.717314878765352,0.536965453519166,0.861184304940901,-0.126838753658057,0.617888391853552,0.0486821189763795
0.764910752311375,-0.816307793919493,-1.39336184126713,0.0248722274741008,0.308896042695793,-0.303010257844822
0.294738503200572,-2.01255989629905,-1.73867940349241,-0.464899630858131,-0.258716180391913,0.824897957290742
0.362131984312964,-0.276317415082212,-0.635093531032128,-1.39953550463785,-0.94066893453162,1.34515213448039
0.771283823906666,0.116295945267062,0.272145486148571,-0.187074175993166,0.296176144307514,0.900822516463497
0.391195227128586,0.0769503093386178,0.768400152711079,-0.175508023250219,-0.291680276270887,-0.705453503919945
0.957401538160337,0.180915289133952,-0.804589801750092,0.633516863602577,2.23286136707626,-0.0143866763059323
0.4717551578248,1.04777230835824,1.32390723719068,0.275301154065372,-0.2895621435307,0.112727985416293
0.197478912545802,-0.255192089657036,-0.758945223486029,0.00525050147732616,-1.32653723857738,-0.686549615117956
0.858811678469162,1.43846110060353,0.700213017048991,-0.273497930030341,1.04677584564273,0.74841832482485
0.152655328475388,-1.54601808539507,-1.60683460635745,-1.89142392331616,-1.31518825017465,-0.0180357063282976
0.320994490640929,1.9292498462074,0.487523137745877,-0.680918011768028,-0.589500698190727,-0.656064805372873
0.62499404838155,-0.612547482035421,-0.387986246094059,0.899245459198442,-0.206179508212077,-0.690086465986335
0.822383113519225,-0.923679498596865,-0.299355219433399,1.09048475086265,1.59992288080438,0.871295400830955
0.761551319935025,0.114574967551632,0.155558228611179,1.03548974395118,0.338422482117453,0.186582818339415
0.999419621134745,-1.30121422702006,0.851595993127346,1.28727098813714,2.28420185473947,1.02862310607183
0.690731974615865,0.00535044220580327,-0.0520790628386856,0.346618086375265,-0.22926570300864,0.640715006938471
0.427225012590692,-0.922004548585378,-0.332641536639936,0.227655587223402,-0.171561041565445,-0.390730269942809
0.543161562521614,0.344672676046055,0.0246437574850286,-0.855871527323447,0.239562284546614,-0.884567932606302
0.648816823833775,0.769306854966512,1.991291776807,-0.880880238460316,0.664961564934099,0.17023655575215
0.855835230842289,0.0895301004340108,0.503037720491521,0.188475753150593,0.741830864734946,1.2949125800799
0.444064923197403,0.574671268356194,0.842748985540819,0.754359712239498,-0.45915953460376,-0.0789924146310652
0.119590287596751,0.0875092325591188,-0.672763661347815,-1.12798216084372,-1.64268959581242,-1.73314000980764
0.930598736949313,-0.470178447256957,1.30984189952075,0.98601386430873,0.670283130888853,1.29969542472859
0.35032549343546,-1.31504584219562,1.19183940250206,0.376600992896526,-0.842604647838324,1.21143712446025
0.170339397614223,0.474781935874869,-1.67141985469636,-2.74961715677614,-1.66945721589036,-0.275570029841367
0.685156241868218,0.269176654662978,0.0204236401919983,-0.217706574172571,0.642595387696816,-0.438043013750646
0.840069758493076,1.49793756299705,0.968936393581415,0.747856553764786,0.865690594231417,0.590139771228028
0.250794824279277,0.262883702189297,1.92911337101977,1.07585386513371,-0.679503183867707,-0.628504719558364
0.446031987002799,0.403564666186554,-0.048175948387596,-1.52325690553438,-0.440750210485677,0.283473075790364
0.474143128639109,1.38308264717084,0.599388856681063,-0.399629336305217,-0.399723043323125,0.343076564598262
0.591092659428575,0.774924414747953,0.623378540384895,0.454650482235082,-0.0135798643096458,0.0672509447416542
0.605529753901986,1.19591844532621,0.0942476224321479,-0.347749491581474,-0.248215943799307,0.801592722891867
0.491897546653729,1.17184592773864,-0.352541730378552,-0.905895180364534,-0.676019409436401,0.93209443571217
0.0839170243523449,-0.295419290567197,-0.761743180366933,-0.834728576060144,-1.64698220213724,-2.02358643703614
0.899016006987823,0.111383198085087,-1.39703666157741,0.31729677230287,1.2140099416234,0.0373097442849179
0.530497349843231,-0.747563004771501,-1.51936570885623,-1.3861296374351,-0.275629085649518,0.573045266223385
0.426031451853531,0.629489519747916,-0.82051331154316,-0.724344012725686,-0.546035592368203,-0.529638254871302
0.711976609194328,-0.141090231347369,0.70287901126512,-0.857746997372054,0.197789354792886,0.639930755308415
0.874151772595231,0.976384443703658,0.944328688119462,1.60017060594663,0.876958738965932,0.718821632187571
0.487961197134867,0.304741205517978,1.25942861585023,0.262216536222676,-0.0166039072489768,-0.143354141670688
0.46083220378326,1.53010110977777,-0.126198949009979,0.796261520431151,-0.937930653042817,0.648134523621236
0.671792058204331,-0.0372532524064483,0.0239285694933469,-0.643097815681552,0.166841960923372,0.483751001437204
0.691910555231628,-1.25637843948969,-0.0650090763786751,-2.63638885295935,0.0129124962935633,-0.317221067608412
1.51905025089125e-05,-1.46476079836991,-1.81951587779424,-0.872589488247658,-2.3027984622632,-1.35094550646148
0.0896529530990361,-0.592614999409361,-0.432492724882416,-1.25832972756336,-1.23137880087075,-1.8716090422677
0.757198152943351,1.20205403284016,-0.788103862987349,0.0729188518795135,0.437831512046429,-0.409404252765129
0.601309469024634,1.78064524165019,2.31024245777337,1.09034629487805,0.0890948860651353,0.72768234496316
0.543928594488493,0.614396216941266,0.317268021335707,0.0513804371716696,-0.750371976187874,1.43681702966809
0.225503925452824,-0.20248101417445,1.23867676064744,-0.0616706408895308,-0.47006964797029,-1.05662779757804
0.0998534150932451,-0.65580936578528,0.697546502694231,-1.07245882691091,-0.955042953503215,-0.969472850087602
0.199182164400564,-0.120432043330543,-0.638099499726914,-0.327063898272596,-1.44362854476945,-0.702381231549614
0.423863093721538,-0.696078026120717,0.0312349927666605,-0.439619091357734,-0.137742341113457,-1.33282425618149
0.874559798238889,0.31526882408006,1.73682207713545,0.197033668935909,1.25822679781783,1.28147745571862
0.336703538472053,-0.989927248479156,-0.719122826331316,0.335431760921714,-0.797062326456592,-0.935873647874038
0.657951045484519,0.402226161637433,0.575012890051421,0.147098385987866,0.0804941799463103,0.360120885720031
0.537487554269041,0.947657383296625,-1.2173667117164,0.268033958391176,-0.842590919908635,0.545605403060134
0.326002191566875,0.497425661596489,0.423950429384795,-0.0416131059029264,-0.728434654769144,-0.395406634685179
0.226567256252786,-1.00083593074249,0.248917447090672,-0.038747582599578,-0.433663945385916,-0.387561715231554
0.518032658989287,-0.574401561393793,0.625710999811293,-0.150565967626817,-0.149701678177644,0.116491402746701
0.788524368565211,0.360267106147794,1.40795866854935,2.02934221289495,-0.123974143090714,2.06013333145169
0.0487805299618448,-1.40565178356,0.549408721998139,-0.837406656437163,-0.639683284043883,-0.243951797329248
0.302073399383001,0.0282468878697878,0.120912100145507,-0.996381782494895,-1.42137286252182,1.43667624736737
0.998866386312567,-1.48438059019825,-0.521909297423209,0.668202684322918,0.447488584561695,1.89368014204504
0.38482713058596,-1.59292036055214,-0.0697774424001478,0.252779434021936,0.432570342223569,0.427153454181517
0.713469282079894,1.00941958278943,-1.43171401759861,0.0754732412111154,-0.0627250308634217,0.175002825204553
0.832009257315744,0.155326989503519,-0.858453473870278,-0.491942000896867,0.974236654772136,-0.564004782236465
0.681886210030795,-0.779725545167769,-2.83615269865165,-1.42033688278117,0.246453557096205,-0.640873359412789
0.919896128634896,-0.844931276238229,-1.23834204604813,0.683534359584924,1.22641766883698,0.895314768646189
0.540107859344627,-0.0999486481060902,-1.02399366029654,1.19054005723691,-0.730394651005395,0.0480748197883539
0.0719445033476942,-0.277726350465865,-0.100119962496828,-1.26909616504841,-2.14634932874024,0.132828461661019
0.0584787719994877,0.322308942625199,-0.0722734145102048,-0.0743162474036347,-2.46961521676514,-1.3113294006353
0.341858980147946,-1.37870885307727,-0.599142803285742,-0.364059568657173,-0.247507817786842,-1.64382218594139
0.658359494548513,1.59190611652924,1.13892465603602,-0.910796388596252,0.760350813616853,-0.55241864970674
0.30755185587357,-0.814597629925107,-2.02231899384125,-1.10847588715844,-1.48089327205881,-1.33768245473139
0.781624690513419,0.0778440049311204,0.126839187750393,-0.849878797010615,0.84401548867874,-0.452870739359546
0.137255346367364,-1.35938677893388,-0.765158053516874,-1.74145661319237,-0.877760761275996,-1.72187875846936
0.802827345355178,-0.204070046277477,1.08617089632355,1.57265646574342,0.522473138008272,1.56824528636178
0.687520376674177,0.208735041550381,-0.0783628189450056,-0.380719409920902,-0.0478990292897157,0.37411200426633
0.121177244667424,-0.141336581079105,-0.690597025097253,-0.636464043696441,-1.63307614437595,-1.12990918968332
0.826132078444542,0.057736208657481,-0.163805046348078,1.37610330673121,0.233185701397789,0.913781209062351
0.915873952625051,1.3629935040761,-0.784786891519278,0.479882561542039,0.970486158575537,0.724919975602646
0.943448486682504,0.276641164895162,-0.315854987277719,0.849881819758284,1.27476586108216,1.16724070599847
0.776430262146748,0.782411017435838,0.78262475125517,1.21876486736514,0.45214959617853,0.227108397835274
0.327299635181597,-0.0795255814813917,1.34942546515871,0.38164776438801,-0.72586653508614,0.57014680670194
0.328674013947771,0.16755966840231,-0.515758530541363,0.93356180991752,-0.920738038841798,-0.976517462299684
0.989640920003825,0.444378521954406,0.216273369518265,2.46954362489953,2.84045793685737,0.482924334404662
0.617869440626693,-0.0538334824311079,-0.698625553192185,0.731380818311713,0.0234482671623952,-0.954312647562779
0.503762357148007,-1.30520224304367,-1.06209124462532,-1.48076001870125,-0.202514690767275,-0.0218750474496701
0.159202452075677,-0.433637671810297,-1.69649673398677,-2.54621493483759,-1.65663688669782,-0.10951377038362
0.139868782061636,-0.393180147727995,0.3466614606693,-1.91806367319988,-0.757126727301415,-1.7846795367386
0.816054272462207,-1.06536575359364,-0.76949304429946,-0.0124191896290919,-0.267996561578781,-0.612377328578766
0.89696504612846,0.965117746791509,2.03861828829565,1.01554961043043,1.66009116879006,-0.0964004826431403
0.86754802222879,0.421311115886385,-0.0110304496448611,-0.190950001873925,0.678349290368887,1.42882386933834
0.746033428667086,-0.0195616038724802,0.369957267703899,-0.208762997214388,0.143695261677945,1.10269051933125
0.422348967453937,0.311545136761143,-0.959625679235171,-0.277726155503517,-0.771811773043538,-0.62608400007234
0.757385154149657,-1.10875611750078,0.42457428738522,0.407533414315938,0.370155951279674,0.0542139677042648
0.972066815137311,-1.11900256139848,0.803075208167737,1.51398282043251,1.67264669646901,1.13426030793406
0.0470333808869312,-0.697411695675399,-0.188242118988857,-1.91786920027247,-0.70913400001291,-2.41167637441558
0.313273722701045,0.291451778073247,-0.897648570737025,-1.05483336903183,-1.06078241637887,-0.098456916700368
0.528857556521159,-0.220155929560737,-0.438802042665577,-0.158748799007016,-0.842125402754061,1.13972525188087
4.16898834813058e-05,-1.86328998080071,-1.18516424068743,-1.56579776920648,-0.740801766038516,1.64188801049509
0.214800371322203,0.987544432668114,2.45615027289989,2.20048009710388,-1.11069912583328,-0.296752724405655
0.0643169084709818,1.63066307561175,0.872914170313716,-0.772186288865978,-1.32155603487604,-2.865223559403
0.629295283058749,-0.175693305339074,1.1235803523491,0.286735181708143,0.479964347651136,-0.115967163478579
0.272807753238731,0.533623451165558,-0.234873191930667,-1.0672987499992,-1.08127723656176,-0.233585378866398
0.579639461030434,1.20567101392632,-0.432158492626233,0.595683833429875,0.183293615068033,-1.56394649794233
0.195812553608221,-1.22338712441701,-0.0336881700340194,-1.08689198520642,0.12607801084496,0.0888543542522007
0.476473016184405,-1.38746960424315,-1.10519918488637,-1.01899685289954,0.50255621354521,-1.8410395260798
0.729700343610935,-1.24545921624603,-0.775268353877548,0.480601864713657,0.76547911834081,0.673977375133197
0.317792545943657,-1.0721886198456,-1.50548350287937,-0.0494079645531917,-0.180907386455617,-0.795187671440466
0.818108111582964,0.140074692621473,2.31587919546599,0.241757182526142,1.22221556157845,-0.150060261582405
0.899261844366082,0.133906149610126,0.76558540775204,-0.230321257927648,1.39745754920846,0.352241850474859
0.487028902077417,-0.257050063059613,-1.70993381862808,-1.71095448779518,-0.993173386172606,-0.1511356780205
0.667765473160907,0.717326082993855,-1.29064009579445,-0.506105303744549,-0.146344770306842,0.212831690735045
0.957356195787052,-0.470086142747308,1.29107215000219,1.83865470700446,1.9769541965463,2.2405643102529
0.769760110973158,1.73134101245757,0.70663246300264,1.46425596629884,0.447328871313007,0.249438156652825
0.831027019100083,-1.0933598808928,-0.0718135449520291,0.149210607542987,0.779342982231832,0.898365270236844
0.504309646568602,-0.432905597752447,-0.85926858548984,-0.888871371217075,-0.362931842275551,-0.306041988368319
0.642579995639327,-0.0782121597286858,-0.492972308598162,0.801229104664459,-0.269038222468414,0.391918448364173
0.349381463994126,-0.52832974317144,-0.350177848755227,-0.66728431374438,-0.556768898352504,0.0871766019105994
0.169095124092851,0.722790802975147,-0.284063650960424,-1.25779991631923,-1.21289361443241,-1.08366522252435
0.49518088004522,-0.940537567460497,-1.30729068697374,-2.36861401011101,-0.799843453614635,0.0987533561807758
0.654051888420247,-0.562065785452783,-0.623234604821397,0.388591542908635,0.566184116544346,-0.0845287232288957
0.959045600408354,-0.849333510781841,-0.621325729146263,-0.124849417591034,1.04467422335972,0.759392766417473
0.97978290846047,0.40865294528134,1.33195818413968,0.579104210948136,2.36532424491572,1.21999144783781
0.810373756440596,-0.70049459396504,-0.298644816083577,-0.723483789302851,0.642817053244272,0.900272914183231
0.696108345694884,0.644770218939831,0.656602586188419,0.166751637688846,0.302822224009595,0.192651967788479
0.929295177884772,0.676757655571619,0.0199458269739155,0.256660723134801,0.977447061018093,1.64782627833969
0.569854573628961,0.993824192409084,-0.2477947455365,-0.0531608302125733,-0.456971465772138,0.650761682547511
0.436339543031486,0.00986906222192646,-0.906690542836073,-1.73932953794076,-0.965209751214941,0.610703550974828
0.990326850708117,0.555444665967163,0.264156579677853,1.84744334376818,2.67982841604389,1.27776233346488
0.821531933834959,0.168674454417993,-0.634305162350941,0.821398706396708,0.413734011542798,0.738042156993268
0.236149918060941,1.07532464245422,-0.263737448781881,0.351002623571449,-1.70431241038851,0.419604966042014
0.590242536185594,0.40672746914432,1.37996722342141,1.2689685173769,0.293180100905494,-0.659631060549926
0.125334586711589,0.934902741374231,0.389208419594416,0.372614070762135,-1.46626257903383,-1.51384296328496
0.429146272194429,-0.671574283563274,-0.175988036885113,0.381817807604113,-0.552621042362107,-0.552104286588849
0.785989545330473,-1.00548675416853,-0.450557136587879,0.123716299329882,0.489190853810111,1.01053751585968
0.972087380258319,0.534349382769787,2.32120729888699,1.09994264465313,2.53114142387277,1.82219263064717
0.000326650491887365,-1.54078896810459,-1.27065697381527,-2.41998804130475,-1.74519669630157,-1.72554655394801
0.23570162033122,0.703917734650007,1.53366728196201,0.0894811900976879,-0.609404152236276,-1.23383826508211
0.425854933798407,-0.94318368690746,0.0959488379115652,-0.498406779773532,-0.0728400002140288,-1.01308418838953
0.480954459707843,0.167926346922728,0.324728915050113,-0.194754093621251,0.33852222509545,-1.91148608591097
0.180948639533024,-0.0272993033531279,-0.299626496841357,-1.30713002921557,-0.961540529777842,-0.776418112478758
0.223894529179977,-1.01833544374722,-1.1051822189822,-0.464249251004898,-0.895313625419774,0.958714367044989
0.834348087280659,0.25421900985288,-0.0704184788383959,-0.355530650339101,0.917394119957732,-0.0205303449787535
0.311430024843183,-0.673180176834157,0.581697954751715,1.25428445169792,-0.527557742452313,-2.62993214682783
0.713157790712704,1.36771823530865,0.975220157355003,0.258428219171797,0.448541871309423,0.223705473278088
0.498972881631993,0.337099094455805,-1.46635984807855,-0.189088023826898,-0.289493236494477,-1.38385307332751
0.60095707430835,0.462918490517999,0.728648789899379,0.288806171012258,-0.0669738132701408,0.151476044831149
0.665998193499905,-1.54608112039011,-2.00444158118437,-2.14995321744742,-1.4972871199652,-0.822837894875875
0.946780206693028,-0.0183066178849586,1.11996896600198,0.972039405773535,1.56555603413722,2.03641205889288
0.401751784013978,1.28283343463849,0.6503098319429,0.489136584267505,-0.580798961007136,-0.236867256742909
0.936375841881623,-1.16703138637738,-2.1171004407802,0.557207404198779,0.24639347429723,-0.495311802151102
0.769107291429442,-1.32993187123942,-0.434222394346717,0.0355742177971158,-0.211450562556194,0.124956965183669
0.405320415625022,1.01396417065328,-0.165197706632902,2.05504984390743,-1.10302705498651,0.154053194264473
0.928132741162349,-0.128886134615448,-0.157894141604643,1.16723862405036,1.62249889575598,0.756241128566648
0.627014278990066,-0.141483115820258,-1.69884502208812,1.98453511670974,-0.289597091603785,-0.603400064003682
0.881629983257669,-0.57211724397209,-0.896602129483848,0.270087728871631,1.00004070300191,0.17072139385329
0.918199433524162,1.99051753713896,1.70305000654926,-0.218814099608703,1.64853845982743,1.20009459214293
0.636134555097775,0.523922875771942,0.423191266172898,-1.26927511632875,0.297528681628486,0.0996238824156544
0.260792400024398,-0.141664386175776,0.970476046813986,-1.03651893721848,-0.754926169354243,0.52088399438778
0.267953591315784,1.0651660835697,-0.119524532001598,-0.847565157194787,-1.59480676992928,1.5133008228448
0.682802793715934,0.873459203756502,0.472454301117885,2.09153998622997,0.125465455800691,-0.238261476770632
0.258011873094873,0.277296343488218,-0.127541107081622,-0.487380031535426,-0.885877616395855,-0.286153886544815
0.996311155547478,-1.70520883848325,-2.38152017421276,-0.712554132042895,0.0679031119194292,0.124208820114625
0.699262665287231,-0.585896946580814,-0.48299254105779,-0.0925732904494714,0.344705437548679,-0.947888610306992
0.856527423745455,0.801901430612905,1.07763599728319,0.322944736665254,0.941133576995626,0.766796624920478
0.603519466526349,0.563141727857463,0.923767543460118,-0.0808460242423541,0.223661049739831,-0.184675894386528
0.866547375802497,-1.0122584388431,-0.700028107552218,-0.415288623075507,0.772608314656372,0.14320507463177
0.639867948619953,-0.550380089178472,0.887732226348314,0.659464252715653,0.557511048751918,0.498296740982487
0.950949230418297,0.504377887389738,1.55394324662304,1.2613888738345,1.87487065645529,2.20263331826603
0.380653313251331,0.744347035012237,-1.11276120145835,-0.577249860484405,-0.54381908867092,-1.53330296168985
0.619520112030168,1.58696076050468,0.58373884020753,0.926048401067692,0.146710274946386,-0.516794622206329
0.394900612189517,0.786743752098636,0.687406742495587,1.07590437947203,-0.889164738264352,0.30322746677652
1,-2.38340650654698,-0.172033311868525,-2.31805152029759,-0.403190525657858,0.3096051589735
0.645900600236853,0.317203856362737,0.923528658979033,1.21170184995135,0.062177468278077,-0.0845097475519413
0.296368525873908,0.104999120695145,-0.42446127970807,-0.400351489178674,-0.370840203868768,-2.03674507472956
0.911052999454742,0.726824025224911,0.714187994889372,1.35428472816823,1.46284561671149,-0.263287961560597
0.760165693407894,-0.843350715763058,0.662113758412821,0.150011622940773,1.16075459665078,-0.185526703338268
0.744900715450916,-0.695772163552498,-0.195730444691218,0.0274378689989163,0.246560550164233,0.959097605697607
0.940887402497726,0.664177259705141,0.450054107816221,0.225098645130506,1.56761064765985,1.18649102196436
0.535507942318583,0.883822711510294,0.856122716447802,0.355693651215272,-0.21832092853688,0.352111222120392
0.663556742513162,-0.395387833467496,0.260325603875725,-0.557480228959204,0.481221471562157,0.356045549951857
0.280059739744645,0.363685617827648,-1.71091918140767,1.12604415894572,-1.57137419244735,-0.468245031965166
0.778920252429114,1.54015586852478,2.04516551883011,0.941537784348707,0.98794276579783,-0.0711051244423376
0.41337114482215,0.584577122156181,1.12858272242425,-0.581054522343693,-0.613732133415272,0.950637858348518
0.14563284506556,0.367833941704308,0.840338370504241,-1.97408360026389,-1.26642496060858,-0.255381708978346
0.990908824053126,-1.23691952863277,0.207370203323928,0.673952834180308,0.837671529306156,1.29545816807294
0.54638876242728,0.2377171598715,-1.17838835385636,0.713572418861342,-0.66957217039393,0.212552920334806
0.515097079862105,0.681806742936396,-0.482749098199594,-1.8145237375661,-0.445892311971845,0.923142209431868
0.380645351791063,0.571712911894452,-0.137529287435551,-0.423241559913872,-0.800663903632137,0.0698149373036129
0.934143635930133,-0.963225091428598,-1.02678597881218,-0.903975339194709,0.612962890226666,0.121153553855935
0.379621473691573,0.295406975343651,0.0476729202695919,1.40536441500398,-0.618265812960731,-1.00837436149574
0.531820415705264,0.867589233312885,0.587274905978227,-0.376310876073275,-0.59767625122897,1.30488461666671
0.945548062789541,1.8293020685075,2.45410972359552,1.17618013996146,1.68936113026993,1.96267575356597
0.353736762533514,0.0357973134246269,0.94909504281878,-0.0819322760088821,-0.973555844872078,0.497389595115113
0.682660411021713,-0.401128739799495,-0.296381567398623,-0.417145333448827,-0.0422224098444515,-0.332254964298031
0.352210256153443,0.477704671143603,-0.385379164525684,-0.254429977548211,-0.703436509466313,-0.975414183836078
0.719028536546197,0.941440509184209,0.689949289410294,-0.257548721166091,0.579620205648355,-0.0183507476084435
0.246056513520766,-0.223564928078226,-1.85006010273684,-2.11744781063029,-1.42698188695637,0.0399870077083694
0.156815712999767,0.275399068900503,0.441782790128589,0.331314084738163,-1.8602266170009,-0.0953189145978509
0.498148247960286,0.701155741184829,-0.555582107359198,0.0258671273123438,-0.642502080984915,0.231715570605658
0.208691527190235,0.0384569172410259,-0.997950120860443,-1.15369283206739,-1.12829568898768,-0.964616878176852
0.931528641045823,-0.283338885367032,0.0430140993970834,1.50607158395308,1.00828581673883,-0.157085948587591
0.410013111006618,1.71846224630067,0.707648568679705,-0.074401934863908,-0.455193706631956,-0.229597708901503
3.39192004916044e-11,-1.89494695089777,-1.42543203309436,-1.15263299338904,-2.50071132144192,-1.18091098794071
0.409168538440635,0.820290340398009,0.23462154927305,-0.295557493527167,-0.616046077790511,-0.0356275986402056
6.16462707816592e-32,-1.99487466966669,0.0570649625523047,-0.915612645727039,-2.70672501189044,0.116487344333514
0.915261115530647,0.816165841672911,0.502113932151613,1.61367212065581,1.183993311549,0.656761170019717
0.613758525687369,1.51800926483122,-0.139622455493573,-0.622961961506155,-0.0389636930434597,0.224000687364286
0.944242611081822,-0.989720456611548,-2.17325314447876,1.07986158997232,1.324711326326,-0.887556536320112
0.0590222097267427,-0.994338944086958,1.08243009200096,0.303317585507045,-1.2491000078808,-0.353154051699404
0.780402881113175,1.24754979811738,0.341758479714898,1.06478737268058,0.375350557596415,0.408599364627319
0.999548352388415,-1.90153705570521,-0.896849907850974,0.153831040836997,1.0879702344481,1.52863780858834
0.824748138966744,0.542130982180444,0.660169063442094,1.67392665981852,1.05833609596271,-0.665758437100899
0.99991335364649,-2.82869588800833,-0.615690507344589,0.439672881869601,-0.18963342187245,0.570134299655022
0.212277060386451,-0.230741954506939,-0.283958393940216,-1.53524961810329,-0.586560507252705,-0.997591477652128
0.91454637715579,1.29472789396598,1.38675395640504,1.84530638752783,0.847747196160882,2.36808959908783
0.583584481498934,-1.03147520314879,-0.854036695714618,-1.8755440651963,-0.344779048856242,0.14357707541661
0.774125176773826,1.05993707550295,0.652192571368467,1.18554360977904,0.130101368647332,1.34017525483632
0.270437589172806,-0.278413202200694,0.893367100630097,-0.213472043718979,-0.461909835391722,-1.8435629692544
0.693808685544139,-0.797944649944193,-0.557360015269437,-0.987475946085152,0.200299956584938,-0.0424824219998898
0.523496365958384,1.02144826955655,-0.0443039959272143,-0.00214651151029858,-0.421252958447609,0.322970983060557
0.736532665294356,0.454577594110921,0.519340733873305,0.756926077697127,0.596969571892774,-0.315044430374039
0.995531536183821,-1.2003715361785,-0.450212216051438,-0.279505760152619,1.59621610860089,-0.48519569914704
0.521388866991339,-1.13477800256822,-1.27094781297197,0.271053798478102,-0.533434834922717,1.38628497622981
0.999660420014537,-1.60651963834764,-1.20101737743105,-1.92641314939974,1.37926041976237,0.507237033564052
0.902099323584409,1.24570832649359,2.0450049313421,1.44409037217604,1.50825839493139,0.546026949323373
0.908440025237884,0.456069240895359,1.88891565309768,0.740345669867593,1.58630455207896,0.754085879955997
0.146280862715044,0.535747872821505,-0.530877524380556,-1.5676963383305,-1.11093286163176,-2.21993826501457
0.51527210983336,-0.137909237697281,-1.20936474985683,-0.300265100290958,-0.192373634439748,-1.95820123977052
0.429506002998939,0.499944263355213,-0.116441067028131,-0.72799046868333,-0.325907420118274,-0.771507990585767
0.212702756393258,0.441043768299712,0.191632274468673,-1.10457997469786,-0.834745909836655,-1.0850815897348
0.642772113957724,-0.332526000927762,-1.55654678298462,-0.814860103706107,0.238015638007291,-0.609917076538226
0.906126106149715,1.57017791977345,2.48278739006124,2.26845463105942,1.28500927989258,1.30222452530739
0.416448575795376,0.0616209107507805,-0.704413984410545,-1.25226269797055,-0.289633217679487,-1.65459610723817
0.738936843765389,1.52822122463643,0.909023601140887,-1.07702960575786,1.07565472999141,-0.749871593773603
0.453724044269731,0.103283077591319,0.382863811925345,-0.462999373561478,0.0199685006054133,-0.952579988150437
0.677699856257012,0.650108326077916,0.94362574066136,-1.40769866506199,0.523022050088886,0.552134590026171
0.784604267978865,-0.70502052709484,-1.46538196394264,-0.420333872493078,-0.328553178219681,0.0596678498073661
0.563278668232084,1.6012011371688,-0.464040878690061,0.497129183859866,-0.506911925783938,0.273172680761526
0.330948844598188,-0.329544862396297,0.71461087126066,-1.27885988252519,-0.740589251648843,0.0116938523519829
0.72385061962806,0.925560678398795,0.511437023233837,-0.49557373559907,0.537033991837656,-0.0685638045343752
0.649467152766146,-0.0140186875927269,1.92246726076725,0.925380836265103,0.511900044414358,0.11336237033828
0.571396364839527,0.126125636648784,-2.09400093946053,-0.945846481924315,-0.407102197994751,-0.607819774472226
0.468540205185615,-0.865623563231597,-0.420473804777293,-0.130363313933919,-0.508262672687119,-0.741226306810517
0.0613375582179428,-0.845646253949343,-1.07773630061686,-0.723068511523826,-1.54649347718858,-1.81996855498245
0.6424305526778,0.150138939129114,-0.42663762144382,0.560712926803988,-0.0969456838862916,-0.528323878967578
0.953561104642392,-1.6088814294833,-0.683798418530645,-0.560761628745162,-1.06467711109461,0.136439114363337
0.0532026069246649,-1.14322371406807,-1.41725791813305,-1.8233658632371,-1.93126428014112,-0.0783610626651508
0.928980145951408,-0.780931347779481,0.00481974086776878,-0.250007514153751,1.10909088672973,0.913914100115745
0.950182791280892,-0.184995485778705,0.550826134169537,1.67532985749215,1.57701660131402,0.610344294966757
0.857738290435795,0.807895522361974,-0.533550814847352,-0.506612354318398,1.07450150496081,0.101565031250372
0.992179788560185,-1.64378486590376,0.736030299823944,-0.535542164702956,0.343477528196834,2.01934442762865
0.993354010470895,-1.49705643836428,-0.489483686339258,-0.172453635914261,1.10385612971595,0.43955198727745
0.146254412006205,0.252066003165225,-1.57956646380604,-1.15749966721704,-1.5778731069683,-1.67829500185024
0.710481360101467,-0.664206835660122,0.796650921286116,-0.233170648564821,0.580405172939601,0.61102560249877
0.999998488950268,-1.54570091094987,-0.909401288722237,-0.139586596453687,0.621336177037451,0.701891539720773
0.866090564699542,0.779679481423366,-1.18171912863298,0.809670589013347,0.83222680545099,-0.576038685441177
0.141012368060793,-0.160867081266442,1.08411534294876,0.905420518883354,-0.90036414090662,-1.39006863257093
0.300667222690728,0.0976186993292388,0.249503542406075,-0.087279041489631,-1.1175200983668,-0.156596151513256
0.286095268212804,-0.968994877420359,-0.365301584593303,-0.689949160807259,-1.63912192278335,-0.891103814116959
0.342836541115056,1.186792281093,0.387708719233023,-1.0479983708917,-0.700485464551748,0.0567227238363154
0.95553364745354,-1.52551966486206,0.301807058331363,-1.51563249561862,0.146998732046757,0.216711381860622
0.583589521147807,-0.33092355376619,-0.491003493170418,-0.145614940721811,0.078113585479688,-2.13336248550727
0.038769085074063,-1.73408694156096,-0.387482247591565,-0.422355207971862,0.29889214071849,-1.20548632988119
0.726797672104949,0.26247861047705,0.625625590167001,0.213292046327816,0.446516583572966,0.409284382423183
0.0353497739014146,1.25809676779639,-1.1333095681875,-1.11885670982108,-2.74981650388452,-1.52748282683223
0.445171268159316,1.18789911250948,0.761358592587389,-0.385206031702551,-0.493412886531584,0.470563287756891
0.192309141662578,-0.812848322871345,1.19663247459208,1.00705221534436,0.0106919216353742,-1.62727982092171
0.00821560017784583,-1.6264545041018,-1.56319703012531,-0.426507377058192,-1.05051805926914,-0.0657658417390901
0.441012225529878,-0.772254967538287,-1.65741557627665,-1.09847805162247,-0.745881413590891,0.1100456081514
0.678862174160087,2.62815279506504,0.890381805292799,0.647485770386575,0.800128286983277,-1.4368488104339
0.696239233998442,-0.438130761911592,0.827308849956995,0.437410637969896,0.494501580808463,1.77963606540933
0.868073905028661,0.691848754195982,1.12442100900474,1.3179971144331,1.07891434763805,0.197246746690003
0.436223728274525,0.114163980609015,0.139450092582052,0.375488802384602,-0.0886605418528082,-1.46174444699352
0.243301498598787,0.385122131989665,0.462685653585871,0.0665307351156291,-1.04843953287876,-0.429881440193857
0.268243428326618,-0.379353688060432,0.577180566682113,0.556319344825669,-0.784653160661544,-1.58915990654712
0.775257987704719,0.0856710464414306,-1.12154961159095,-0.745080910999589,0.663794401494139,-0.766935804471681
0.909179002372393,0.751120252082836,-0.728743968944174,0.311866835142823,0.729134890805345,1.24078338320662
0.819898849656386,-0.412608501402033,1.32478485012328,1.03469086398544,0.814974825299135,0.366457499103993
9.36714670832948e-05,-1.58995511051157,-0.668044398930931,-0.0798877306301355,-1.67240707818551,0.630851865457314
0.28275929624098,-0.250529039306412,0.225386626777165,-1.23048054405434,-0.656229604482794,-0.581642799626335
0.782281338936016,1.77350988736172,1.06117292128569,1.5916301263102,0.713620728855641,-0.176522143063839
0.156061428870365,1.65214062574892,0.708386665940342,0.169025081016139,-1.42252538110793,-0.70717606464085
0.792973420069431,1.4652391290296,-0.0558145858898135,0.917247981990134,0.392900031159494,0.411868796914455
0.979465588376754,0.38525771688778,1.12404018063773,2.13253052037237,2.08853389159281,1.04968970318106
0.208823338132144,0.428387928550738,0.756232066227286,-0.242576092771044,-1.47878040868308,0.190273980442192
0.813016377036796,0.540183714193506,0.294868642203629,-0.527859452785152,1.42837158395424,-1.7751212286802
0.681651291779215,-0.510845339360409,-0.324818525983167,1.2235460123447,0.483644833386109,-0.934997029376434
0.999658298149147,-1.3616318307525,-0.754796375675106,0.290449416576545,0.581695743406505,0.409683548724086
0.23345878345834,-0.144492802129328,-0.43412409826662,-0.278108761662672,-1.13477888894672,-1.07807092194919
0.317498702406582,0.720674011725871,0.346346572381292,-0.468581047235141,-0.756429414571397,-0.45666585733094
0.518274809086371,-0.63520192095191,0.820583595576749,1.71152579284759,-0.529280154779562,0.515220964438561
0.73169934665704,1.13168821919282,0.589913186394739,0.0775934154710005,0.46248386583392,0.338395856634136
0.747911914669685,0.282402262675237,-0.596711291845433,0.419753942798814,0.235894052962313,0.125400966208793
0.449874031622193,0.615360598571932,-0.0734651093533741,-0.782455535327093,-0.443401046189774,-0.205569493827196
0.810112254311183,0.34882260860482,0.566026083557319,1.50605891642869,0.63628027070706,0.29177907143827
0.797730724165887,-0.421441040545828,0.246882854232056,-0.0463207806046953,0.957197820147684,-0.278135938105587
0.209844933173224,-1.24832842215693,-0.387073096579661,0.322676278004582,-1.08790880485167,-1.17550534062363
0.852275338915553,-0.424964687126391,-0.314906324294024,0.74934082827958,0.997192913937434,-1.01107352011472
0.783241989765362,-0.0846282007735402,0.542529725047555,0.643467495180338,0.152761715423798,1.19936241919475
0.856576849246303,0.16677845674304,-0.333535441147008,0.048420641333267,1.34022458113335,-0.417551874512019
0.165796418062232,-0.683979913581329,-0.413721023318891,-1.07030215727283,-1.69426467918186,0.342521656827551
0.223703990241506,-0.426741231312078,-0.331520250602076,0.997299496978751,-2.39188422503613,0.353579351575214
0.0988386748405957,0.368601526059012,-0.898591282994334,-0.104873537310606,-1.77012605019965,-1.91673899809422
0.863343334259343,-1.28382152949046,-0.226215657674656,0.451071514186042,-0.653959687240229,1.34695509467677
0.530267918469568,-0.938195142288533,0.162602870153509,-0.214033424518025,-0.183516023515369,-0.353901662006216
0.659091034092174,1.30274222286543,0.345129582027525,-0.0612159343290632,0.0386929320514746,0.480859600798187
0.302969631568511,1.552941342253,-0.360812719928733,-1.25915089117854,-0.583318409019253,-1.24175487654612
0.735606938195504,0.113040228314136,1.29490530492766,-0.44764874539043,0.853005609088046,-0.194794332791331
0.902487221073815,1.33325399446225,0.757840884923531,0.53155829505026,1.26428596642254,1.07445445000623
0.557238938135485,-0.512210246524325,0.691114931668242,-0.773350464994534,-0.823591948753144,1.2718180418019
0.304354644830958,-0.267808037405042,-1.94916459525593,-1.80842290480045,-0.920416624407071,-1.5589379950776
0.255748479920955,-0.0610166066406711,-0.0324172608877768,-0.737151998250796,-0.641552362294934,-1.36065407134386
0.528129201949905,-1.05361598000773,-0.813553900846148,-0.388886123774053,-1.22661981101325,-0.494547113330897
0.426357614306235,0.492903434756525,-0.903047266438706,0.208224234367882,-1.05783334555298,0.234225055199123
0.677459188044089,0.19900120677788,0.396875318032161,1.47180313513074,-0.093020427194972,-0.116435197353635
0.520935205005617,0.503992925990256,0.101405528997398,0.806018330493466,-0.0806603067166085,-0.849334329681267
0.345692993834243,1.38099247219344,0.909564929092265,-0.95128275873853,-0.884111722546785,0.910569796874999
0.819194429164752,0.733847678204259,-0.194292414503275,0.620031297319097,0.880380183823886,-0.607065209112163
0.310987588318028,-0.147580847113983,-0.451610013305818,-0.718103269995965,-1.58588805905803,0.881527514037917
0.503051769075911,1.7395218046627,1.26257130428596,1.21193495047645,-0.38623651029262,0.262463542268355
0.42276880887824,-0.258308451075059,-0.281047544219054,-1.43598947221656,-0.733294712326482,-0.0113920786543057
0.158625712383436,1.12863384032261,-0.536590728702888,-0.89995472837835,-1.49786257910058,-0.928523723294173
0.960984662222644,0.999291779176381,0.252261858924144,0.638362860700131,2.30345436707459,-0.326823168994235
0.612432699368795,0.329933490474102,-0.545590125642987,-1.13023765455491,0.39504547422053,-1.26079231263025
0.3408434724191,-1.84836716102905,-3.39240985708848,-0.998822783064004,-1.30619383154577,-0.58677743464518
0.503068961740372,-0.103169197054054,1.39443076489215,-0.0789201395774615,-0.742713980708727,1.692594441707
0.506726850708365,-0.165650114955899,-1.05078339154607,-0.731142105489864,-0.259858480392916,-0.614776080801637
0.89771652912071,0.36595854464051,-0.471737066208307,1.21656488655749,0.908734911699561,0.594359847884269
0.999901776644488,-1.81456731064909,-0.999179695179387,-0.300958473058303,-0.303138164590052,-0.521126266299336
0.298013279067446,0.245381674832673,0.858107512424247,-0.963227066117083,-0.683828281277503,-0.196744356692749
0.163533321887431,-1.15968412478299,-0.372083115304778,-0.632778460946074,-1.78740381486082,-1.90228053870249
0.969260214777499,0.0369643691655261,1.2010245882235,-0.0489238754922759,1.8290547748123,2.13944099181186
0.640328852189285,-0.0965161624698883,0.121643021383919,0.537633577931605,0.553982492844872,-1.30235320038191
0.570749829940432,-0.97160012984203,0.77959723464604,0.460921533993975,0.104581740515909,1.46360056641852
0.0269581433730411,-1.60373493757688,0.713961441231301,0.319110147129577,0.812477164973661,0.145307089694757
0.684435398668823,0.75196081009059,0.511090515904626,0.603515153955055,0.319773948909318,-0.12082981578767
0.821424013963682,-0.269867926304161,1.09526541356354,0.15069244104839,0.533389686692974,1.4309245279943
0.244106203762816,0.119234945333834,-0.350328300300592,0.463513962929881,-1.01469377775234,-1.39404273307058
0.887701427629735,1.04368545617762,0.460160025827419,0.528740985840915,1.20711251286984,0.473682088106786
0.335068047664909,-1.10100588317012,-0.408652517460962,-1.20720891599351,-0.783892212711144,-1.73729218934077
0.910083610424685,0.445139851108986,0.469449445774841,1.13716907720732,1.07545325349639,0.856261166327495
0.923908178528456,-0.705427493142198,-0.922322628919404,0.289650646496833,0.83831870868519,0.0546637676582858
0.237575899353305,-0.216026937558255,0.472970812697874,-0.264714082698485,-1.11535703584089,-0.769790765370264
0.648212992207453,0.126122185693931,-1.04569802421831,-0.144378525825077,0.101463474557995,-1.14892747551939
0.82169703908469,0.412658367985468,-0.105192672487992,-0.238923769390393,0.656927698598764,0.411269390874982
0.749826396795948,0.359382485177967,-0.523541628017602,-0.223745120493918,0.588288005551018,-0.501087814073008
0.121161547073923,0.109484741413647,-0.186241723933662,-0.369508628824192,-1.4977735609641,-1.40446970638408
0.891887638299076,-0.033055853454757,0.741537214540599,2.52406324992373,0.481266729661361,1.0074429411274
0.900789222341473,-0.0063910532975353,0.70713308544676,-0.484430032948031,1.58274379600515,0.939634565746471
0.779290737508124,-0.383781745387006,-0.739417288553095,-0.275147192900042,0.311018644136148,0.0226755238157599
0.956681230916418,0.626607755999668,-1.67972957482931,0.172606040141844,1.22860247074455,1.49894839106817
0.464983019927877,0.000687363913206365,-1.08921483383512,-1.57102431564985,-0.0734353856867675,-2.00850112180871
0.265026604502927,-0.143947578688316,-0.497361804605917,-0.241714474237868,-1.32720280955687,0.0712011673899557
0.721763834188974,-0.743712772317442,0.371354816823859,0.719263158720562,0.164819588552355,-1.17523672916032
0.913750987254176,1.11561929741732,0.483838022047845,1.6755268223362,1.25455689680718,0.463591483374137
0.798863025146643,0.761582415168297,-1.54569332970263,0.249383679925548,0.256433736878828,0.385340897123895
0.819403191147834,-0.888875391474926,-0.0648776901605536,1.46708614374024,0.170909183909733,0.120523611158976
0.312698799640352,0.505696459928014,0.398494723149883,0.600356211515021,-0.99465380267302,-0.176564696708899
0.970480387100629,0.0411042522109972,0.124697475403085,0.0562235092561115,2.96579321298222,0.753836710881411
0.707386973103536,0.399442606442752,-0.600870025063373,-1.08895207745624,0.67565981875821,-1.10336119848377
0.928714194426456,0.237405446471408,0.084443693947928,1.27269028867585,1.02404275981381,0.851234884691234
0.387896673288381,-0.405038552314828,1.32925221983001,-0.177541758857682,-0.283318480871415,0.27174294537389
0.611197680769267,-0.769931910780797,-0.0413308349384493,-0.876083295270651,-0.289520585490018,0.89736308169723
0.827639625566936,1.21586540015874,-0.389743272259671,0.267536191551127,0.160004716165653,1.84972343905228
0.316749759676624,1.75445274411209,-0.536643291446203,-1.22208883637832,-0.608093897749578,-1.15992837040724
0.797565599056597,1.08098181967314,1.1474696320312,1.2525846918426,0.852275708581767,-0.0443743105046612
0.995298254879256,0.106710458223347,1.46006736075826,2.31353047963491,2.70923642457377,2.92507350763949
0.466228898100382,-0.126698578167994,0.245296719469689,-1.61703606705881,-0.0157397431280595,0.142865506441531
0.999469739405593,-1.4980601059972,-0.528910726668045,-0.456343066544179,0.921238015405291,-1.73553938793021
0.996198283090884,-1.09097174714464,0.0768503863524473,0.743454047267978,0.643745023732945,0.412949569552714
0.582970200027115,-0.250845647253688,-0.870082791553934,0.470943458332799,0.141234208119407,-1.52283144156737
0.935562641847922,0.879619453902099,0.573481897531348,0.581670059347838,2.05860163127838,-0.392460214821177
0.83121584248211,-0.327821545645957,0.590582358705668,-0.88260271531715,0.742053338544473,0.370808315775485
0.670200342914476,2.97834584049623,1.63854624351497,1.48737868007627,0.224719903393892,0.333719171596649
0.915770597853939,-1.63654053671169,-1.92078794588718,-1.11874154929233,-0.469320349516945,1.53058441310254
0.125280783972473,-0.47281983347683,-1.41041685841713,-1.08743889397601,-1.50956551376383,-1.90395178349232
0.253566133783476,-1.07572384721148,-1.2973170304032,0.340965212191725,-0.630525367528108,-1.24802319416653
0.554064835399718,1.20523560851107,-0.262351112580615,-0.461949748094772,-0.322456710113572,0.194843510866774
0.679863669733225,-0.119299611500944,0.209785323485136,-0.930280192038141,0.3467370939209,0.828054503028594
0.888140365742107,0.391074775927676,0.539823673418231,2.23002314339515,0.941839249178921,0.858808576181698
0.742939237821095,-1.21447684822418,-0.989334392869157,-1.7259603120141,0.373923833927909,1.22306449616485
0.863903538084765,-0.073054575578233,-0.424886715577851,0.638623282580047,1.24897272816002,-1.00297239337944
0.280232371830773,1.85970256633838,1.40815930451088,0.624163444225897,-0.501242346303758,-1.33884146347451
0.37752828821375,0.75289465807112,2.69418038748894,0.862627363010418,-0.800899263339645,1.39632552777971
0.511046125556619,1.94110817930278,0.026742257836596,0.116378860922378,-0.0530299062737737,-1.00160151030991
0.516312539826115,0.911408528200984,1.03464354107493,1.10245125939353,-0.290372461152711,0.0434034051869573
0.365223347645977,1.15207943909215,1.48850607953872,-1.17052719110026,-0.650102054412538,0.921271335635735
0.878765452242391,1.7478642897284,1.00136373215183,-0.0389807867184111,1.51234469566695,-0.0714199096385857
5.12948467956134e-07,-1.60810858369747,0.233648201191385,-1.71262088593866,-1.73243512511317,-0.927966646994026
0.749570548686578,-0.532816977724367,0.149453636844561,0.14586302153506,-0.570274265529059,0.995680480292912
0.408481185656596,-1.42550084650658,-0.572436022072543,-0.702417036225156,-0.563632336162213,-0.457490714447963
0.981017060660796,-0.0596796276910748,1.49261693795438,2.97495766923733,2.17667208686556,1.98296824657461
0.810199602074267,0.600153751449167,-0.726366452701742,1.37455443149896,0.708158259136018,-0.6523649722463
0.63688812249807,1.89469240499121,0.879180950014978,-1.2614659130007,0.064384658475494,1.24994646737051
0.739540811590044,1.61211312468375,0.73476145009693,1.42822695581869,0.488849179424038,-0.246419386416862
0.367620757003485,-0.988134958477539,-0.565869714597638,-1.79165076545125,-1.31372848879033,-0.420365412977558
0.893315495920806,0.223010678397563,0.621628088345742,1.98968807527255,1.1904775657684,0.525989050698342
0.0539220724944883,1.56088607522133,1.39048178906982,-0.34045134494277,-1.63438621907309,-2.22768762469539
0.455449744457358,-0.711143444598699,0.0264306137535777,-0.349003984100336,-0.352617578464007,-1.82763333471871
0.228436483091847,1.44298690161898,0.167422923615192,-0.648597141699197,-1.30483054984415,0.0628140375431379
0.885104812269012,0.729538475556743,-0.18948569810905,1.04476911053556,0.918767193496634,0.441586113073699
0.336564981320641,-0.998836779972702,-0.262025688819489,-0.856914580409864,-0.401169090232965,-0.769061422926247
0.541022807655493,0.107835350810114,-0.201190458015713,0.229137761773016,0.073783193755677,-0.97650491821679
0.186091139936607,1.20216643780448,1.72804656594316,2.03540594383587,-1.67230547860088,0.229772474407946
0.916981674729118,0.31605669958215,0.930150735456252,1.27243180779259,1.75011633084471,0.172205327796387
0.0622381934200558,-1.03872566160415,-0.652705312950658,-1.78561993049331,-2.18627358963606,-1.36450511339651
0.948500463556865,-0.1009544143222,-1.27932187409407,0.933976732899844,1.02277864869192,1.9614690184314
0.976899577710418,1.09385533141363,0.965017918298866,0.796020518359903,2.34833065193238,1.09490142408247
0.0809410996341533,-1.39776951941458,-0.646494732245512,0.687387607291795,-1.7654901200199,1.50280513720203
0.4256030731415,0.858545959783997,0.140765888267215,-1.02079591377379,-0.245895673455794,-0.677922261095849
0.921801487313019,0.169325759508501,1.17070632924962,1.43613389530534,1.36651191769136,0.152553589067075
0.953651858856469,0.53203212206127,1.10791506207581,2.27036863635193,1.97624312761596,0.336576213448291
0.459236958278061,1.27018622437338,-0.174649129503804,0.688214816474202,-0.273565326964897,-1.27063294950099
0.106344006633165,0.959953042209035,-1.59786512296311,0.0174748920526727,-2.38789635865811,-0.61706312987719
0.532290741709141,-1.26090741938693,-0.696172592605008,0.114851973981144,-0.459402649884446,0.0800848431710928
0.664818813462764,0.790717332608229,0.197842070904683,0.565259661965059,0.0812417175059113,0.0394555914185156
0.912887455140958,-0.452802816992335,0.85059134308226,-0.247931118990011,1.11551531016751,1.74073674764184
0.77688482436966,0.0327683536385415,-1.00530235131648,-0.22891354372645,0.408171754899791,-0.0731556714461189
0.222125153117499,-0.00204124397913674,2.10116271743568,-1.33096693354553,-0.589203512404763,-0.769828040103454
0.240561974819303,1.0259287606538,0.0446478758192726,-1.37832049409525,-0.963822850085512,-0.632998897816178
0.599804430580073,1.62856457344129,-0.369481486848012,0.824988247320335,-0.0646620712433259,-0.710977938484725
0.00411820882731089,-1.87871142422602,0.351707722275869,-0.502005924931736,-1.3733958753155,0.34601622437315
0.914355109857788,-0.382879065141443,-0.45863605227246,0.635694886119904,1.53553209713758,1.58114573871979
0.822228311677133,-0.48332346768223,-0.0153004573361527,0.0486885885212179,0.307749201808699,1.45016039360128
0.296144821969505,0.157222742885356,-0.132045277639029,-0.72388269273201,-0.816447652066898,-1.01110241078812
0.833409487001937,-0.972654812589198,-0.81686748244203,-0.415574559792106,-0.589013808276454,-0.645209859506895
0.994507423223209,-0.259147909426645,0.579363033812823,1.18864662142644,3.18954285494001,1.7783157729799
0.716174746956889,0.333739907590065,-0.262893551475811,-0.912860810688897,0.175580423038613,0.562140828405307
0.355079984035441,0.445383440787995,-0.118294456411424,-0.334535378869929,-0.336278139082268,-1.95809450718991
0.827403407518188,1.04367678393073,1.00636285478338,1.94691751468067,0.95480511301339,-0.354918760773155
0.698932266619573,-1.01568019637436,-0.636207893691632,0.0572435988523287,-0.132523022796978,0.0333706719185423
0.99763633184655,-0.68842413196715,0.202882392811674,0.592456073140313,1.49777393169067,1.15541358522037
0.457181271801328,-1.08994892735277,-1.27708588898509,-0.257951981132901,-0.781886931623973,-0.0127240057133362
0.438300328454686,-0.0492300940613628,-0.879034827679562,0.163109007454749,-0.73091875263687,-0.313541019309252
0.245837982580636,-0.560020577982399,0.540476143641856,-0.892223229583122,-0.583517695125051,-1.28786469031797
0.931417595598017,-1.03426073445516,-1.25299614290914,0.148682434149217,0.836385875765607,0.957465177505048
0.447905035073367,-0.564256009564871,0.402416588628417,-0.605314399989289,-0.885118964721191,-1.49958496369726
0.931391445209938,-1.49216656757429,-0.132365053146309,-1.16418283615286,-1.33481716012514,-0.581016690800688
0.340378306862722,-0.877439645177546,-1.5457145778126,-0.954149036816841,-1.41436942519528,-2.03578592297068
0.91048606503919,-0.681902039813991,-1.13691211769154,0.459412038046785,0.479912416222908,1.07650220270392
0.965836081295033,1.78915970523252,0.989458881308647,0.98653178214197,1.59078740175572,2.65975665614672
0.79094320250987,-0.0743944260219227,-0.341819255713402,-0.3807904882851,0.560822659117068,0.188195724789805
0.331529960300858,0.733005561441691,-0.198373638779157,0.343326671978021,-0.797296689583067,-0.830704609671558
0.546253450561057,0.964806391539506,-0.208511837249793,0.830400131588567,-0.127867160750124,-1.11736514799645
0.226970027529905,-0.670398515627746,0.499773204162651,-0.674615915240007,-0.504752964205379,-0.684793350970541
0.0468859840673814,0.355662996912343,0.588768479002173,-1.45001252413309,-2.38167708215391,-0.241090362834958
0.771018719267819,-0.721926258045965,1.02694886704316,0.21680459733551,0.632338274509323,0.482983985713622
0.349576610178703,1.33071685692789,0.31481546017133,0.184040530812313,-1.05903153082207,0.4845178808135
0.538627279372705,0.252908238054342,-0.54707030886436,-0.745511128345965,-0.433399315440197,0.375459977460358
0.812708513925714,0.689199898234911,-0.489804716493209,0.312045942916678,0.265584805764034,1.38789544256374
0.512468519232432,1.36414899736132,-0.313698859517278,-0.655205387095983,-0.326895380942974,-0.131647161794703
0.851025490545003,1.94184876926378,1.77029902837257,1.73293145173282,1.32867210497498,-0.398156536441176
0.615544360480997,1.47355863151543,1.10560143749628,0.730203346311195,-0.0917085065783239,0.715715958425954
0.88256085508453,0.100553900595275,1.41510997801614,0.556643715148582,1.24849827427539,1.16938229069614
0.908130646427061,0.0344797034455183,0.734458568270043,0.145138936627968,1.4768484906914,0.427374493301631
0.588711083050752,0.96215356748059,1.21772486146421,0.515272839603163,0.417567366670024,-1.00715259298395
0.397662586512618,0.0331698569589561,0.0131044146860813,-0.451197761882833,-0.802745953773016,0.029008816211332
0.150003048382875,-0.269784612957389,0.171551576479165,-1.24525846118816,-1.32528522035483,-0.557414205248525
0.822824158100994,-0.168720854543494,1.0098705177426,0.374387021434525,0.373840424779307,0.888961464716585
0.389948379487119,1.38138595059991,1.53101532205582,0.682405283543997,-0.762332228081537,0.69400524694142
0.954222597455484,0.46316006615543,-0.173915777616975,0.795058259397419,1.98404235885532,0.35953654355388
0.43638354330304,1.3534432549024,0.421994301344319,-0.353181422055903,-0.836690469606915,1.27187013780929
0.536227167655346,-0.578112624220574,0.306421059556063,-0.189791713978289,0.507581721741258,0.825963155484259
1.01954273937374e-13,-2.24433065016256,-0.499065060710665,-0.516016193174131,-0.173877597095051,2.0286831689887
0.849495090136628,-0.324306643386191,0.0653892174873657,-0.836079694886157,0.601315777771313,1.97173512028289
0.914552546641491,1.05586713145703,1.8958168132887,1.51041366170996,1.45980080605807,1.02659640678963
0.648468431950383,0.0557357233402077,0.667550190172496,0.178411294673786,0.550447290003959,-1.50936803495569
5.39502723427248e-07,-2.14053850836025,-1.87071614560351,0.229412158113623,0.0506915620538337,-0.545477390510563
0.413661527494876,-0.855651540347303,-2.03550723195986,-0.68012698712946,-0.720033589062006,0.505303070118162
0.394342677905695,1.73926509552776,1.36023833485679,0.230063195582812,-0.450126162425169,-0.12007472496778
0.873708016202531,1.00971302338076,0.522130142162594,1.74251448243836,0.439413112113407,1.66458043248344
0.261512103367537,-0.627548102507399,-2.11349650106724,-2.7744910826694,-0.408155303419829,-2.41218649025784
0.793234062024284,0.592404834123441,-0.0199532526003067,-1.45968157472471,0.252565741359099,1.73697206128406
0.684749474723582,-0.0274848426795472,-0.311216828644293,0.408140452079947,0.0999724577690998,0.144285697797044
0.359044148591443,-0.308945353436619,-0.108256776446951,-0.103483907894179,-0.922242056726895,0.0770177812927512
0.920613068878094,1.68050594972295,0.656659784988591,0.813147928880458,1.20973709740326,1.3115423886011
0.541826739156609,0.647367296439345,0.523459406071961,0.608309595831102,-0.905002394175601,1.97457807555888
0.892323563820737,0.964253219818538,0.41772541357309,1.84540728993089,0.594964910460869,1.474600679705
0.999711007375478,-1.06381609857368,-0.524255632648209,-0.614857404739193,2.0803746350163,2.85342075530407
0.202254688339056,0.850219071567634,1.03584891317533,-0.401556810336485,-0.804585627411778,-1.16137976404446
0.583707005242237,1.70949108566476,2.48013586226137,-0.0698923439485078,0.456000544220224,0.0827321833675779
0.802845265938152,-1.05698172026402,-0.768251159255274,-0.819442372367706,0.552805002859694,0.112666858199956
0.673122462503671,-0.268834416471401,-0.474995953322921,0.0741507595722934,-0.065365880119203,-0.30817797979653
0.482539205228384,1.46551262457051,1.30450498746127,0.51060171283938,-0.242408810077015,0.0714751619330172
0.335588757418069,0.460020889203093,0.732178593954891,-1.01493889038407,-0.612187946774238,-0.192373618698112
0.202809182529529,0.622322717825856,-0.108873545859025,-0.909752120615218,-1.24984668890523,-0.75819636638848
0.636378580876009,-1.11715694944995,-1.11467945594672,-1.37534494212536,-0.101781004903535,0.292572030449965
0.21504642482265,2.61362111831985,0.833833007188624,-0.933416215650915,-0.961733240511465,-0.510662139036475
0.838100908714608,-0.648767835807993,-0.19069497991264,-0.0114658936306156,0.126826367600129,1.19410718913544
0.632159303484809,1.05563765371392,-0.0498029831870395,-0.48005660920016,0.236565453678667,-0.374038297110669
0.000332390302442837,-1.52286551193155,-0.0274762495334873,-1.32534374266624,-1.26204997796695,-0.808642377908533
0.118387012986215,-1.35048613543032,-0.60638930390113,-0.737378443776428,-0.592032376269098,-0.618043926766332
0.0540948698502605,-1.47050992847045,-0.509250407775417,0.437671539776093,-0.713833684481967,-0.869438401771685
0.913886010875393,-0.471090208546378,-0.239313974284957,0.213186776177306,0.978131719840281,0.448087013926949
0.341307391662932,0.608931358981156,0.184596033570464,-0.0425950776347284,-0.251275526162546,-2.06558975854973
0.182032118327057,-0.819979812890929,0.741980417270487,-0.775854362667248,-0.535129193123206,0.0280454355173451
0.850546505930148,0.466839238540926,0.815377738088498,1.16956590802304,1.20093734980572,-0.423042061087014
0.843445916497315,0.677242847278689,1.65509470696592,1.7285450006786,1.04841432126179,0.534431672052432
0.57641996453679,-0.313812276900403,-0.45672878150431,-1.36827762347766,-0.209965298328561,0.433075989150732
0.984888570159691,-0.573785442479328,1.33322286224143,1.62320350398971,1.31654866377645,1.28778604777386
0.670874992959111,0.562092517952506,0.245122980748664,-1.19610037666563,0.249230890014321,0.386943957469915
0.980212981281304,-1.52786783003521,-1.42630973658328,0.77842651229079,0.612648396455768,0.606483429298237
0.429772005256745,-1.14971617909947,-1.22255133651463,0.610879822174233,-1.15827182735346,1.16631462065715
0.823000574827506,-0.850428355431287,-0.406671166920243,-0.285579768550869,0.359663148871452,0.595053098135413
0.822622330299636,-0.119656564856747,0.104024575847906,0.632014483458413,0.510260292033944,1.49879118474365
0.238317293171945,-0.227503513326844,-0.907416335281636,-0.414070867246699,-1.70408616030004,0.123703941212912
0.00171780735822859,-1.08461570659856,-0.00976970032013266,-0.633774806435815,-1.75462043097,-2.85455020748404
0.423039660741527,-1.98841101463565,-1.04516349193207,-0.115317392282831,0.19763550562957,-0.228081203644978
0.8871058394057,1.35976891636555,1.37281431088814,2.0360866946035,1.11908259218446,0.532087248033676
0.517664059552963,-1.08907559718885,0.302235700138923,-1.24393639661385,-1.46038447791048,-1.38958421917512
0.71044948287818,-0.634811882595346,-0.552782154224454,0.345935708172299,0.797141425777191,0.126418447258018
0.707702150781345,-0.012710660235555,-0.883856171135501,-0.605664287164111,0.469088968740041,-0.793276532042893
0.492217139918717,-0.0316665012967716,-0.306407601186436,-0.423267854543607,0.278744316399135,-1.92715525162314
0.63936357037393,-0.524236037757961,0.0574438200797562,0.80547043605097,-0.00816605180350102,-0.201503360765916
0.679539598947925,-0.34860349365729,0.303650182734379,0.0643757345674565,-0.0710908373240802,0.302954901210025
0.204798112238358,-0.184407327962819,-1.06498633140491,0.0793805912799894,-1.88662215336421,-0.29798505750791
0.738224961800236,-0.638388220225897,0.165366768394121,-2.03748939468829,0.648368187930068,-0.502779841785599
0.560827751108913,-0.77442183464749,-1.09821073289446,-0.579634474313919,-0.852134694464868,0.0706174765851835
3.49793595980764e-08,-2.02410699181881,-1.08780219776006,-2.0664249276392,-1.7231861242018,-1.16940129416734
0.121838659888421,-0.149608060257109,0.92038418959116,-0.00927918155902946,-1.26414488748509,-2.12548138842574
0.397428307005212,0.915545683682002,0.62482269907607,-1.83558046044378,-0.546840137743416,0.574748466768255
0.953917823606185,0.580209145239739,1.53364838647143,1.93465849662427,1.2178597484056,2.29292034692266
0.0743642780352399,-1.93041275085227,-3.10179228973425,-1.51543041121793,-1.84345641359303,-0.546053965543587
0.721975651502828,0.440968646030173,0.160930796075722,0.0377086859762176,-0.0224708225618251,1.28904224865196
0.0242150512850534,-0.796970793824251,-1.34167063180606,-1.78110045046703,-1.2251895254651,-3.18779562009991
0.479239076824755,0.747172247954396,-1.08608815794082,0.0300792913380241,-0.713834971876823,-0.0738697714622372
1.44339727763501e-09,-1.76837299814935,-0.625388326661161,-1.37439645595995,-1.53180692000731,0.250775180548014
0.500264632020099,1.24944820828412,0.0848537154983574,-0.532839517695269,-0.258184998986261,0.0523632357626011
0.584584076098731,-0.289669332725956,-0.80627467650159,-0.151012952787039,0.160164276998334,-0.760502359021728
0.382919577133097,-1.36520856882496,-0.671936002779093,0.751223371707197,0.787360799431901,-0.587922487145786
0.556959881791728,0.431440274923763,0.332584041676363,0.0732580789950655,-0.119456352281226,-0.0754545110806008
0.453761562720182,1.01847660971172,0.858720986968547,-0.556255454768641,0.0567342797953283,-1.0316593273541
0.256759041213158,0.327173610638064,-1.06763813227252,-0.892462816045145,-1.39145294717328,-0.131209524433404
0.397511395220851,-0.612996290673432,0.584747147029714,1.31213189136111,-0.35824147295894,-0.596217978790011
0.979678997375299,1.30186590867578,0.453128086413128,1.69651144299778,2.36663875352527,1.02056911645469
0.26011541551755,0.521574762229559,0.965109261381836,-0.264419961334288,-1.52920837524378,1.34857111365953
0.908581825429575,-1.95068695576141,0.48744729469339,-0.669902264723498,-0.342610942752634,0.629054791498299
0.898702419856288,-0.766327946038775,-1.88090881327884,-0.125675061542845,0.03899993104701,0.839521788893464
0.274484082113951,-0.769712525184346,0.241538167897262,-0.56653929925279,-1.29408550046015,0.436752150181427
0.892204763081299,1.05610863878191,1.17044457953141,1.43261222281089,0.900671656793439,1.19922145824428
0.0738498688323346,0.835066234004336,1.61430097749713,-0.969765317505469,-1.77246250173739,-0.886617848986494
1.97267021850984e-07,-2.30173749577133,-0.266520626278506,-0.416737199672572,-0.393456728337932,-0.0690003253644579
0.309969694429743,-1.01566992351762,-0.525624404782951,-0.989334360093942,-0.832776740899975,-1.05542593963564
0.576175531478391,0.933229895924504,-0.187229557702342,0.736500050475932,-0.119944776881634,-0.702610514105809
0.488862075875421,1.09574924074916,0.159657676558492,0.698159484075779,-0.38164915478593,-0.533808983012176
0.313910719135975,-1.20976531534858,-1.49195585147909,0.327606632966589,-1.42587762963488,-1.51151725144992
0.933124907382047,0.606238262773353,0.949622025964058,1.17049908126399,1.4133580304342,1.56995932885641
0.679248361640555,0.472799313674034,0.829227650095822,-0.892080716418529,0.00477773687805119,1.44510869216081
0.124171644693194,1.18344308408702,0.0556879979654169,0.0541876453044057,-1.6576988814242,-1.1769520851271
0.890045815342856,0.687463719170388,1.97497873199881,0.914066228831212,1.60187182098782,0.0530315248851282
0.356827359893326,-1.24384993260608,-1.14445858701264,-0.294065024280777,0.673637635848877,1.20913913365012
0.0822504959122719,-0.86807531177057,-0.637231157387628,-0.525275019588237,-2.11024965776348,-2.54184993464334
0.589580621356339,0.0691712232746552,0.314666368308003,-0.13477524013236,0.648877990297839,-1.12541337479362
0.742656213623521,-0.381239246009037,0.757825201928873,-0.126471679345985,0.844363164705781,-0.336130788648985
0.463945233653097,-0.363588320678116,-0.371833553169191,-0.0629086440857577,-0.608873458022236,-0.211188514409887
0.654945104183243,0.770542203130452,-0.608413622231118,0.521298978560872,-0.278815510824827,0.748685481681466
0.317012287358564,-0.604401895148967,-0.0452996747019072,-0.940853744000906,-0.604328594272859,-0.57022573157265
0.220868190963456,-1.4879620267871,-0.294858838010398,-0.520645191267176,-0.378885866322237,-0.533126948326225
0.628909861154633,-0.689603478997244,0.805825053703928,0.236570816826295,0.127521211393757,-0.794854132491463
0.910200876243384,0.736778540849851,-0.275440995288643,1.35990928120486,0.790423494247289,1.52756896501387
0.716836698477443,-0.0273970912376933,2.33098973540824,0.834748396033398,0.199314870205718,1.06553229501282
0.669968943169455,0.234974633018369,1.04829552861648,1.14586986910056,0.85398323107606,-1.84786224072867
0.497827347258407,-0.338523919181827,-0.236483301433588,-0.810070311666937,-0.27441011217972,-1.15624574229077
0.719556550622463,1.33409685235,2.73448446871618,1.01480614819361,0.542556698176088,1.01542324828543
0.943375315243217,0.173567068985403,0.955208656542472,1.72671556216613,2.28095106384013,1.0437915813781
0.793649544470229,0.805693275965391,0.0123126369930705,0.640401482581122,0.451818115289168,0.344294802357527
0.340833284628985,-0.719969749020255,0.556685659688385,0.472696349624497,-0.997259938187051,-0.924246485172354
0.945076940736657,-0.404626040694235,0.408677225993962,1.21432145862104,0.636932556833099,1.19648299116711
0.298243888382079,1.06737013512154,-0.49076732802069,-1.48956032659559,-0.479801572801578,-1.52728489617739
0.264934991208853,-1.00581192295409,-0.65585728935189,0.330091024531913,-0.287736100497936,0.484530947635779
0.650078066508511,-0.826163302436811,1.5158015583241,-0.77604674724044,1.01501114933178,-0.606049496261161
0.25136878745956,-0.432689299272086,-0.445240456314357,-0.275897075057118,-1.5192260781001,0.0123259169033506
0.460578538737491,-0.173685131067678,-0.0271470077119721,-0.429540322820983,-0.722904434040979,0.147962279077859
0.780038309272836,0.179584346766158,0.301891404052271,0.0805881904939129,0.567499612458955,0.411965065311787
0.401199865762684,-0.0993353489922702,0.154250112075023,0.181794602370603,-0.702193402540367,-0.386170956060762
0.390992509170714,-1.10989162971928,-0.573461186453903,-1.06297119693934,0.380372390097549,0.239853587831198
0.940032790856958,-0.905947179178839,-0.951453481017701,-0.387674136326307,0.803575307686751,0.232304464971987
0.830477943767032,0.368051579045515,0.146374016273356,0.0758865268727153,0.498436967502992,1.38360918490187
0.508797367431091,-0.241977262999739,-0.286112657861318,-2.06729732074462,-0.159548869540986,0.147165483243428
0.172714429411631,-0.629340534958178,-0.16266907643176,-0.0580946846167116,-1.05196364036078,-2.43344866912296
0.26087970931512,0.686117325566742,0.507450345500302,-0.208830010811034,-0.745627400661592,-1.29304838866394
0.604118139096401,0.415588578049349,-0.10732405257649,-0.566085255964293,-0.0233270071702847,-0.101051566188714
0.648323118470334,0.128401004382866,0.641657871814512,-0.653270168124854,0.332806717114788,-0.190324669240499
0.234513083823058,-1.31849289044599,-2.21641789942587,-0.843942826784128,-1.62411904599427,-1.37362166189463
0.570730209463099,-0.343112726477851,0.297350164186392,-0.93320504417903,0.301181337843593,-0.261811705526944
0.687282477914095,-1.00892903384159,-0.129940415697794,-0.282178898243582,1.34129516171271,0.568516321742583
0.947067418238358,1.63778439410384,2.158114748232,1.53602245916865,1.83822186468137,1.30432490683972
0.842014098498757,0.538126637395112,0.925475785369875,1.89736415657628,0.271110007720648,1.73489682769152
0.655955792878581,0.227931550078901,0.0211857117409613,0.294592378850055,0.103771285714265,-0.495516605968484
0.51349797003604,-0.510731416358178,-0.207005267081444,0.139997611243959,-0.215992272788353,0.05834489309367
0.889743710388836,-0.281901737423194,-1.18186445799065,0.0602009862379067,0.958349012919512,-0.64016560646509
0.30416436229683,-0.582268245456353,-0.412393006036368,-0.879854774139219,-1.0872122406862,0.392277458278248
0.694438703455842,0.0931871103095849,-0.268484215569572,0.363137662512437,0.0577552794912453,0.475254714246796
0.111927567035155,-0.702676236263358,0.23464692114037,-0.465152091798315,-2.26514548378792,-0.982722196191242
0.591055832577141,0.876334046627424,0.727785907678399,0.908726661918073,-0.439864046695084,1.24153477155167
0.815964710719027,0.320335019017635,1.53175754006295,1.153567585749,1.00718110591946,-0.225369254474345
0.969944929479499,0.4746200675057,-0.111522718398845,0.727545238862748,1.80307538320071,1.37163248399816
0.111962971842158,0.769973453023588,0.219190281694928,-1.14308790425445,-1.71586011903267,-0.391792610941011
0.553703477936667,0.476108946839403,-0.121436717860094,0.0993648111838594,-0.431881200020376,0.406894890832827
0.604526048320104,-0.729310916002649,-0.827432021848604,-1.18740510175094,-0.313676922855925,0.63877919676822
0.589014717194325,0.0464525339907248,0.217863933298205,0.997512281775162,-0.0585059703356114,-0.522310714259886
0.753019451339446,0.42335426722117,0.542609617557523,1.17964187221427,1.0844377344681,-1.74953569803531
0.957973342488931,0.0569952607775166,-0.781552095740811,-0.292691036109637,1.23855446306243,1.26873412598638
0.727264796304221,2.63370669261093,1.49973868383588,1.48387343922663,0.457215771106117,0.22313765005574
0.933773949029338,0.51103792284534,1.03492538492915,0.116862149809742,1.92450334114936,0.284399754922512
0.775923610469422,0.730440761312454,1.47696740432007,2.41647953950741,0.993116923397269,-1.35667153386392
0.230002037380172,0.108946510299772,-0.812384319564979,-1.48559642927203,-1.72426026857177,0.855565030550385
0.82077690444836,0.31592943812904,0.333424563789049,0.0703734161033373,0.646284102873571,0.76160549999406
0.526400679344048,-1.54312903175828,-1.14319144205727,-0.534630504121246,-0.617957402168702,1.43357198379299
0.425618944772485,-1.63900773586043,-1.36801577911112,-1.45121286396219,-0.41812875873244,-0.181522006012318
0.806304347657295,0.99440467150017,-0.731432441594095,-0.286297963384835,0.642192298970604,0.216190038596515
0.230252401870698,0.0863796577045871,0.652381460501421,-0.434573313944582,-1.04794818424176,-0.152801495333838
0.9988696536018,-0.251215303603097,-0.00690222144650051,2.23550653910553,2.70355023303358,0.941087353586877
0.50151049044998,0.627148373112173,2.01342717147743,0.266767804745092,0.257785850373521,-0.601805297178065
0.483745753969848,0.480673086709703,0.180789139001017,0.70752384443334,0.235419194224116,-2.27425287478556
0.261895272524429,-1.63641136894864,-0.116910878501666,0.128897027158113,0.440141240844005,-0.0536616062913759
0.721434415167041,1.18526474466105,0.771782870166842,-0.289694978324335,0.337776868698681,0.81520610848421
2.71889898428014e-159,-2.46348072052532,-2.08107602067129,-1.59509071169299,-2.52913140774796,-0.255566024878158
0.787252501610058,0.0518003233934518,0.413058738113156,0.2462452004398,0.67694308853795,0.0880830104506537
0.534834141368434,1.20489639751303,-0.125520481024856,-0.684441747059978,-0.134766904277511,-0.299439719201505
0.248454540970577,0.00378371056644066,-0.071443753982512,-0.35506023856354,-0.82678350236202,-1.03987707433394
0.781033419038697,-0.737202794638995,-0.335556609287386,0.378987791455465,0.594866941425949,0.0499812537124383
0.886572329919038,0.793462156944576,-0.603359407323234,0.777961925650077,0.876291991841888,0.370530030158597
0.767507860291176,-0.378855316539693,-2.00460070551541,-1.16655590946681,0.258133609889539,-0.0513596433245231
0.379551348731773,0.417675278298689,-2.03041344003222,-1.9812619171175,-0.748644779192962,-0.817417875709012
0.820217220358765,-1.02280491153736,-0.0527277612353976,-0.654366399358451,0.497257064564441,1.5626878296777
1,-2.55441723041327,-1.02607112099881,0.066245687370419,0.539335779901519,0.992065227529083
0.479332973769827,0.94593945552666,0.529072512238858,-0.0848520117512525,0.192442813854214,-1.44751324879979
0.0765187220958712,1.08363449817316,-0.0650352616202263,-0.960884273173938,-1.69980505204235,-1.77494840702117
0.930715356753422,1.0087030589679,-0.364299041608454,1.48982519664309,1.19700682447432,0.552198347565143
0.403142559831135,-1.39430376602044,-1.5268013792689,-1.11056110366076,-1.14620056785653,-3.100175573176
0.822049583264412,-0.355509107524692,0.830175447299514,0.360336833253912,1.85962882910094,-1.1032978375916
0.816898389957586,2.37650383263178,1.3830627065438,0.086322285375413,1.135106687868,0.0667689617868888
0.691161465426235,0.348300268571294,0.655349722498567,0.0265218987334323,0.588918510039674,-0.577468173254314
0.521863342006996,0.673406948865241,-0.592894905558813,-0.0881964589938479,-0.609370761275357,0.339941411087852
0.998889555384166,-2.01582458351901,-2.28522206665254,-0.773959495043387,-0.17062481296567,-0.28244202053504
0.125083676577454,0.398802497783609,-0.654216261912717,-0.190487597900605,-1.71049001938767,-0.876253618945725
0.675631630550039,-0.509447367828903,-0.191153633697067,0.322972684571878,-0.209212476365315,0.0399534314756903
0.973250550827635,-0.282360737225215,1.12580735225005,0.27455553293654,1.80344144300724,1.88450731763533
0.778082235341312,-0.558291361801547,1.05163661270987,1.80068489080481,0.230691623358382,0.0544198353978931
0.812827943426993,0.431614592399047,-0.228487043741708,-0.458009733266813,0.834643591940137,0.0468719989380117
0.000113086120269975,-1.45992174001367,-0.649923906928969,-1.95637246245867,-2.89651263268449,-1.68178031087306
0.92103601863684,0.151429425798026,1.12010626289796,1.59782708208528,1.637899160764,1.76118798167813
0.484529908201,-1.22797374622625,-0.864440475402938,-0.756275253637079,-0.638941188993955,-0.355088937641959
0.66276241365963,1.36322602368252,0.425820826316622,0.575952445774,0.749301211675325,-1.62320497491192
0.0606076914653904,0.428554716629085,-1.10509313543953,-1.13236376704904,-2.757122180087,-0.792699096148354
0.78185896878646,1.59297263515535,0.150586481251991,2.25350113810055,0.767318031210227,-1.31659370384143
0.231076590380928,0.819507487146968,1.1204808023636,-0.946373923845121,-0.732934397258082,-0.682193009647372
0.901082033909778,1.4880214483269,0.0921876330797673,0.648708267897198,1.21858471130382,0.334727617781116
0.416139450933367,-0.092773356658276,-1.22293435475107,-1.14483657780405,-1.26852216759897,1.16962673447548
0.167971395749753,0.00266047679347416,-1.32598310347417,-1.13704639940427,-1.71594009567809,-0.635402892186572
0.177257022263004,-0.465018335312623,-1.11693403413013,-1.83723887068868,-1.01194376165971,-2.28321897129947
0.0388516231797074,0.561562298105362,0.592856880148876,0.210394140047066,-2.40014222465368,-1.85332073241294
0.999999999997207,-2.55545398441158,-2.00433306677906,-1.29850182697642,-0.177321687316891,-0.236118893080638
0.236651392459601,-0.380820578707829,-0.851328756082013,-1.1793358115908,-1.11769179704553,-0.56825048097107
0.345607528890682,0.565989870978179,0.873913751702973,-0.558293107045747,-0.978718050995473,0.841248321890628
0.642480892851354,-0.45247783372034,0.367382940031439,-1.62424928493331,0.111796165352751,0.134079548871569
0.940903507016305,-0.659917299693826,0.394646466232142,0.907555139303066,1.07883216233044,1.58322032535532
0.743204325134969,0.163115842384998,0.954069704708966,-0.582493212978691,0.874654290632119,-0.981757769100752
0.212160655980052,-2.48708351115115,0.0549602810650499,-0.942846373385658,-0.167757713462405,-0.901146102220054
0.421598447614872,0.223199683941262,-0.353550710390766,-0.527701177980202,-0.706111096918906,-0.382936326202432
0.220360787865444,0.116526189807013,0.244351814468218,-0.25327093252173,-1.06387611528138,-0.60573040566545
0.653404999487652,2.02762083836356,0.621705172099944,0.796322260946785,0.126807299704856,0.0231373140693606
0.997617664118131,-1.36607686439543,0.459470705464863,1.21006661318602,0.300118174414557,1.34288988058466
0.698832494388887,0.729331199479596,1.02986013497603,0.847429854300114,0.814379674683554,-1.18875456257072
0.594433435197186,-0.80390514233898,-0.178737949187049,-0.8220069516169,0.0473439956762592,0.541727044314591
0.951332339823991,0.372510729468293,-0.474924186635962,0.96318022574648,1.16635287040832,1.46912600498432
0.0683372331827854,0.0702604262626325,0.363506816332889,0.365514559751012,-1.95750205628655,-0.833441856619538
0.489518121289278,1.57329194459993,1.44326990692251,0.578376767751363,-0.491833400214111,0.885338270193336
0.225028500179381,-0.742698188075835,-1.6775268151576,-1.82556162019134,-1.33471811767394,-0.342941883560462
0.427784780388054,0.396444472182553,-0.261023761767271,-0.500522522910602,-0.358399306722708,-0.847536098798642
0.881896102945482,0.245783335826078,-0.588785759112128,1.42443979810021,0.46319637055764,0.833938717733417
0.852653687960785,-0.796629966388452,0.290551566413119,-0.756429641084215,1.23289052590878,-1.06878387637323
0.3451018035298,-0.265067675510408,0.656980025973918,0.815802396808876,-0.742042553634983,0.740857502757587
0.851661340474709,-0.365416732551473,-0.871496130695815,0.146175395258216,0.576615522027491,-0.963567051136761
0.439682546730095,0.367255758511431,0.516450391399022,-1.15611562904731,-0.210132138366442,-0.211827654647036
0.238332380195269,1.28812979627983,2.09232837308537,0.607520648166576,-1.20883686219554,0.824869399438645
0.795964207060672,0.331904695953313,0.991713034923206,-0.563775230661788,0.533828535694861,1.71667927479439
0.69148841976459,0.0369843424928707,-0.874824590116592,0.211352531834577,0.272957134951899,-0.796197480623453
0.0870697402256089,0.292123913015518,-0.858518859612664,-1.36954320642306,-1.59722855507209,-2.03481622321848
0.0769121466143154,-1.07298585423437,-0.686866767734225,-0.667750270647903,-0.943761401742794,-0.286906038300752
0.992159537500943,-1.14527928942173,-0.44393478629913,-0.298724385781717,2.39320830039489,1.71076475900827
0.506673979995124,-0.629606095629394,-0.447983045220713,0.147443807770348,-0.552964548842396,-1.64066626421494
0.880570014613686,-0.69197965035127,-0.501912503273547,0.383596743474886,1.02489515766706,-0.2566523966769
0.854406655886203,-0.348532732680603,-0.697175803315011,-1.02961137208667,0.463941259492721,0.849976623996345
0.30743546898656,0.951821413411077,0.811954458276678,-1.5347378225326,-0.562483457914004,-0.321512427440217
0.01819244474387,-0.725923660593857,-0.283024834162723,-2.1186142636774,-2.31247447477098,-3.58799000787323
0.951761307666225,0.14624313539893,0.254565014103299,0.759808672013397,2.00428044582416,0.768023813429268
0.448094930177856,1.52088168129747,-0.578566040343969,-0.192486930121942,-0.624137338616519,-0.250645735993817
0.878197887331176,0.681885110210368,1.36206822878257,2.01730558837832,0.875050334530076,0.950811557480549
0.263093813852056,0.105833960261723,-0.126615766194937,-1.20236811165381,-1.20063144798094,0.824170281894351
0.135134360198543,0.955526861623344,-1.14233665888755,-0.756781572076019,-1.79059045785053,-0.735003075179786
0.0137466073138919,-0.891202474611187,-1.15261630893337,-0.107162929985094,-1.8912006159149,-0.918455290722752
0.939750041720136,0.100573968607086,1.46055933800261,2.25068203593623,0.821614350185621,1.80738192507909
0.554216702623851,-0.708498827920821,0.237756237316548,-1.2149155152453,-0.173915341152966,0.655492094743591
0.258391602606965,-0.0378844030103295,-1.87455550339036,-0.47168655397091,-1.34817971699369,-1.73133545282387
0.999999999999332,-2.03727013775425,-0.224009105599207,1.27466673794415,1.18916372147761,0.92425111877762
0.35306559142873,0.850936484873828,0.925716283934075,-0.424113635561202,-0.526691227990052,0.022370057540594
0.896855706754977,-0.476503926407593,-1.1140150503713,0.0339045888471333,0.813392822324314,1.00899420889637
0.443450855698927,-0.321469511660403,-0.381783124140768,0.053990708349822,-0.0807628627580719,-0.637456162888939
0.517207886027195,-0.54710097337269,-0.748735892879428,-0.42612864726424,0.198943667681902,-0.862492140103729
0.185931146646431,0.909447321503047,-1.22124315502505,-1.42322917152805,-1.3537971227837,-1.14948762594158
0.669139997736474,0.636104848213168,0.0316755071315076,-0.708653999237471,0.221463316713,0.34958817041178
0.653890457819797,0.0193478708109499,-0.208603343152926,-0.360932681651539,0.314037670798159,-0.475943765296374
0.00808397884216623,-0.535434112457397,-1.37862551432766,-3.02357397273229,-2.35033763588094,-0.716450164306149
0.588547805644109,-1.20636417849317,0.173815531439131,-0.73773253280882,-0.325824986978092,0.745439639285065
0.756245048317246,-0.0140511692102752,-0.717351580754896,0.114207224312039,0.362601855755989,-0.467643691319534
0.682078581117776,2.09256137241468,1.48889055876405,0.00299871118293249,0.244356252872236,1.03081692553494
0.480397494103022,0.776232096505814,0.365873470806771,-0.806175155166977,-0.362962976279329,0.251348091545025
0.883968352836431,-0.50597261438275,-0.538190077154502,0.389627712412089,0.442795404827357,1.05339750708361
0.37944703430541,-0.392417496775005,1.43632452248993,-0.700595134955171,-0.0423616920021079,-0.365478322525207
0.915534644338251,-0.0534486523611775,-0.117119808676534,-0.0951550462413892,0.434100865285311,2.16219092200986
0.89779031298839,0.625511724441217,-0.642557410149695,0.942373178835394,0.932361953652086,0.484213903259779
0.382958104674892,1.29968482308789,1.14880409714622,0.452608317528554,-0.767436695712566,0.457137968646713
0.991410900323544,-1.58585431471537,-0.75664686973354,1.62779105109105,-0.411801340775565,1.89203181243377
0.836406887804678,-1.25300290238973,-2.30616314156329,-1.55776736764693,0.48906124046854,0.193521023859583
0.0989391707951428,-0.373451278801683,0.275536056012286,-0.941115854963864,-0.89240892599356,-1.83983155873131
0.866786962514209,0.254977057865192,-0.671312958043645,0.249941026193453,0.80484701701847,0.691500889351279
0.856548665108773,1.77826135894059,2.04285344564622,0.271652703852598,1.52446181078368,0.0438901081511474
0.919391750429324,0.985323405964003,-0.748893192419162,1.56358187664367,1.20163123567834,-0.323819981719564
0.721124685171431,0.263881104774405,0.820155478407154,0.0397818521069494,0.646043546217282,-0.34847053376194
0.448006326739333,0.275421209567511,0.191152711753514,0.341186963189996,-0.487683062133253,-0.813518194063435
0.941920508895198,0.5587506874456,-0.486825455897264,0.308531858233102,1.54670847245327,0.329072568039685
0.892527420772645,-1.05506348683153,-1.79932460096612,-2.66053314976166,0.412500512241498,-1.70661874056449
0.759338808044379,-0.179488788912447,-0.363946782191378,0.883875660209327,0.731873290022148,-0.375476868986613
0.412156098541098,2.37419334568872,2.3853594810385,0.0955477975523056,0.215863369948088,-1.0606021070838
0.683276208511013,0.590626320956804,-0.477935877502984,0.435375799792882,0.00616954273042075,-0.048071888213061
0.753479779020481,-0.207799027730943,1.74985775686207,0.695414474815802,1.79376080719014,-1.16601233997806
0.690472960545994,-0.0193541404048098,-0.364232930889049,-0.464576896755304,0.0845037439783359,0.376134997252253
0.886302408954643,-1.14879885446308,0.31991044142954,0.171620792545569,0.365343661695602,-0.841903802730457
0.169947079713114,0.844742344614453,0.186495831224615,-0.169487410967043,-1.49186275190209,-0.461783976447122
0.964374232780651,0.631034131959984,0.707185359144865,1.57049603999416,2.30523330288573,-0.0470311649337113
0.423955017120246,-0.136620259970034,-0.044317984502336,0.074399127467055,-0.947011974555696,0.42183108624398
0.532278845717559,0.476438845202531,-0.169617889504692,-0.997356964126886,-0.150161329190818,-0.0166410360121781
0.92751017335035,0.6185127928871,0.455619281744605,1.54513280352307,1.59436052450359,0.420737270908295
0.164644932306304,1.31008617592746,-1.01875772718759,-0.209685102513704,-1.30000316301834,-2.08969337800291
0.75207520214371,-0.700502606409053,-1.9489398676125,-0.905321412800182,1.09807589166062,-0.143541232915433
0.0125278507605875,-0.103815745359501,-1.14619395848619,-1.00492576971065,-3.2565795784482,-2.31132719182097
0.693120890741642,-0.0219731891645951,-0.772509164034125,0.356555477724759,-0.156012049251763,0.0864663085236376
0.539817780062664,1.28925802653922,-0.756187130970128,0.932638085385436,0.00231660249570415,-1.91040253187391
0.939869638227963,-1.34463824581736,-0.137299158222694,-1.44103127349816,1.24250982305293,1.61430415041882
0.307588801208889,0.44770873995446,0.81507528155015,-0.534039141887052,-0.845065882006628,0.00292200553994846
0.782758505954843,1.24162595084655,2.75253381502623,0.346956938944112,0.874735065948916,1.12639896571025
0.984959890594898,0.747776639569805,-0.298679396672845,1.88249792351151,2.13513391963852,1.12429086828863
0.889260473576594,0.915415735144517,-1.73093271211856,0.0337089939150121,0.657801875331779,0.662006926167715
0.668812457088537,-0.0472385332563997,1.15487561142509,0.316830426028044,0.208097833452594,0.25695366258756
0.523427575662729,0.280154799489444,0.357409671910091,0.374056706718491,0.225276499859147,-1.80501612968194
0.946153216409501,-0.0265174224926188,2.43011295293832,1.08863826495657,1.78596105511547,1.80833030607344
0.936563097932642,0.539673401583369,0.454137617962775,2.3704215992834,1.4515988328047,-0.121793687069865
0.38261256428901,2.06329776678125,1.31453806438474,0.714135645391841,-0.864638530004087,0.753622530314921
0.861062236449895,-1.87378618530803,-0.816946140814778,-0.751974077976883,0.735381874818889,-0.906004710781703
0.93033421154416,2.06572045858326,0.520074893865461,-0.443941920836681,2.11313469219112,-0.512541932292996
0.484686325222639,0.468114102657152,1.04400902884027,1.13975776329035,-0.584186595606611,0.640769958592932
0.778807716393357,-0.280877367326314,-1.12763210065831,0.461515224309596,-0.0389854831695905,0.85060367251236
0.926465673223167,0.340989466279781,-1.11106395955146,0.701279439835793,1.30869168356051,-0.265526916162706
0.395643870982492,-0.147469213299652,0.208694593428149,0.763742011774831,-0.234414105879933,-1.46462620404715
9.36777453026101e-10,-1.36134771874495,-0.803680119773822,-2.62275003538302,-2.25252540813481,-0.481471764837111
0.753462961285459,0.97379154480638,0.885355498000176,2.32500131980609,1.07502065782875,-2.15259320644709
0.920313528744428,-0.243180303877639,-0.760451905279855,0.985922831247373,1.75267520313497,-1.12453405753182
0.92371622866979,-0.424924216954549,-0.814529522080402,1.27325566914871,0.0278589322959848,1.86978617839595
0.199775749276303,-0.757085215772398,-0.0495987005783034,-1.28942805988331,-1.68343961630732,-1.41073701075013
0.844815936066314,-0.319231634941939,1.33451925513843,-0.942780204115534,1.82439241195407,0.734849909775533
0.242915389338607,-0.603185363232397,0.813638110381055,0.612134204786561,-0.844755229569651,0.200382934679234
0.238581862681042,-0.390698005430243,1.11207679270938,-0.704395503883719,-1.04186538558652,-1.95041290186481
0.895495682071728,1.06415782136527,-0.0782513981168422,1.01087959660778,0.927681166125599,0.72764453683677
0.145624392046638,-0.164093125458807,-0.242138137471509,-2.0891994825485,-1.02841718126163,-2.1505538540304
0.999981912893042,-2.3348915279656,-0.147098896521743,0.57368136603732,-0.240534124337087,-0.541270537902987
0.623459542774898,1.99140598018909,1.06072690418582,-0.205351507672143,-0.147251840981856,1.38172291486561
0.321579853710835,-1.01563890506008,0.873023958333209,-0.219204519294138,-1.22011686568711,-0.0165800203871383
0.922416029695066,-0.895825207724894,0.620462016798262,-0.40710659576519,1.08033519167984,0.213066336444762
0.608306304984424,-0.966592595773692,-0.360916597899328,-1.08600226229478,0.701293252375113,0.808169395883024
0.44349275843852,-0.853840467814291,0.839845707334572,0.453035505726453,0.193457060767837,-0.659789513151596
0.318118365657977,0.417600033936872,-1.65346178923649,-0.620986658412733,-1.20893959942246,-0.322147545427537
0.89424927506039,1.55766229084901,0.67417616887024,0.524509440194185,1.18314299192079,0.765249431125623
0.569790279394721,0.366581661791176,0.344616089466417,1.51902988170542,-0.205356682249917,-0.506859107902016
0.896870124525184,0.195906447202669,-0.651720125184386,0.46141871646606,0.880827230545593,-0.119399939493893
